{"stats":{"minecraft:killed_by":{"born_in_chaos_v1:decaying_zombie_not_despawn":1,"minecraft:zombie_villager":2,"born_in_chaos_v1:nightmare_stalker":1,"enemyexpansion:slugger":1,"enemyexpansion:huntsman":8,"minecraft:vindicator":12,"minecraft:zombie":30,"minecraft:vex":3,"born_in_chaos_v1:restless_spirit":1,"irons_spellbooks:summoned_skeleton":2,"minecraft:warden":9,"enemyexpansion:botfly":1,"enemyexpansion:direwolf":4,"iceandfire:ghost":2,"born_in_chaos_v1:sir_the_headless":5,"born_in_chaos_v1:dread_hound":1,"born_in_chaos_v1:maggot":1,"mutantmonsters:mutant_zombie":2,"born_in_chaos_v1:mr_pumpkin":1,"minecraft:creeper":4,"born_in_chaos_v1:corpse_fly":1,"enemyexpansion:meature":2,"conjurer_illager:conjurer":1,"enemyexpansion:sprinter":4,"born_in_chaos_v1:diamond_termite":7,"born_in_chaos_v1:door_knight_not_despawn":1,"born_in_chaos_v1:firelight_not_despawn":2,"iceandfire:fire_dragon":13,"minecraft:player":15,"minecraft:spider":2,"enemyexpansion:equestrian":4,"bosses_of_mass_destruction:void_blossom":2,"born_in_chaos_v1:barrel_zombie":1,"born_in_chaos_v1:decaying_zombie":1,"irons_spellbooks:necromancer":9,"minecraft:skeleton":15,"illagerinvasion:marauder":5},"minecraft:dropped":{"minecraft:porkchop":1,"minecraft:glass_bottle":1,"minecraft:diamond":2,"minecraft:crafting_table":1,"irons_spellbooks:fireward_ring":1,"irons_spellbooks:tarnished_helmet":1,"minecraft:leather_helmet":1,"minecraft:dirt":850,"minecraft:red_bed":1,"minecraft:stripped_dark_oak_wood":2,"irons_spellbooks:arcane_essence":3,"minecraft:gold_nugget":8,"minecraft:bone_meal":31,"minecraft:iron_pickaxe":3,"minecraft:dark_oak_planks":5,"minecraft:bone":8,"minecraft:stone_axe":2,"minecraft:goat_horn":1,"minecraft:sugar_cane":3,"minecraft:obsidian":19,"minecraft:rotten_flesh":6,"minecraft:oak_planks":10,"minecraft:azure_bluet":1,"bosses_of_mass_destruction:soul_star":1,"minecraft:leather_boots":1,"minecraft:beef":1,"born_in_chaos_v1:marigolds":7,"iceandfire:manuscript":1,"irons_spellbooks:poisonward_ring":2,"minecraft:egg":1,"minecraft:iron_ingot":4,"minecraft:enchanted_book":2,"toughasnails:water_canteen":3,"minecraft:wheat_seeds":125,"minecraft:feather":5,"born_in_chaos_v1:holiday_candy":46,"minecraft:cobblestone":171,"minecraft:chainmail_helmet":1,"minecraft:yellow_carpet":12,"minecraft:golden_apple":2,"minecraft:pufferfish":1,"minecraft:turtle_egg":1,"minecraft:oxeye_daisy":1,"minecraft:cobweb":2,"born_in_chaos_v1:gnawed_bones":1,"irons_spellbooks:pumpkin_helmet":2,"minecraft:cooked_salmon":3,"minecraft:oak_stairs":2,"rats:rat_skull":1,"minecraft:paper":8,"minecraft:iron_shovel":5,"minecraft:string":12,"irons_spellbooks:copper_spell_book":2,"minecraft:diamond_hoe":1,"minecraft:experience_bottle":1,"minecraft:iron_boots":1,"minecraft:pumpkin_seeds":3,"minecraft:diamond_sword":1,"minecraft:potato":16,"minecraft:diamond_pickaxe":1,"minecraft:yellow_bed":1,"born_in_chaos_v1:bloody_gadfly_eye":1,"minecraft:spider_eye":1,"minecraft:diamond_axe":1,"minecraft:baked_potato":34,"iceandfire:silver_axe":1,"minecraft:dark_oak_sapling":2,"minecraft:cod":1,"minecraft:cornflower":2,"born_in_chaos_v1:fel_lamp":2,"born_in_chaos_v1:black_argillite_brick":2,"rats:contaminated_food":1,"minecraft:gravel":3,"irons_spellbooks:pumpkin_boots":2,"minecraft:diamond_shovel":2,"iceandfire:silver_shovel":1,"minecraft:chainmail_chestplate":3,"minecraft:poppy":12,"minecraft:leather_chestplate":1,"minecraft:beetroot_seeds":3,"minecraft:chainmail_boots":1,"minecraft:written_book":1,"iceandfire:silver_pickaxe":2,"rats:plague_leech":1,"minecraft:water_bucket":2,"minecraft:bread":18,"minecraft:magenta_carpet":12,"minecraft:mossy_cobblestone":4,"minecraft:poisonous_potato":1,"minecraft:diamond_leggings":1,"minecraft:lead":7,"conjurer_illager:conjurer_hat":1,"minecraft:tropical_fish":3,"minecraft:stick":7,"irons_spellbooks:scroll":1,"born_in_chaos_v1:pumpkin_staff":2,"rats:herb_bundle":1,"born_in_chaos_v1:river_mint":30,"minecraft:torch":60,"minecraft:brown_wool":1,"minecraft:iron_leggings":3,"minecraft:iron_axe":2,"rats:raw_rat":1,"minecraft:bucket":2,"irons_spellbooks:pumpkin_chestplate":2,"minecraft:dandelion":3,"minecraft:raw_copper":12,"minecraft:composter":1,"minecraft:iron_hoe":2,"minecraft:shield":1,"minecraft:iron_chestplate":1,"minecraft:mossy_stone_bricks":1,"toughasnails:purified_water_bottle":1},"minecraft:killed":{"illagerinvasion:archivist":1,"born_in_chaos_v1:mr_pumpkin":12,"born_in_chaos_v1:zombie_lumberjack":1,"born_in_chaos_v1:restless_spirit":14,"born_in_chaos_v1:door_knight_not_despawn":2,"born_in_chaos_v1:sir_the_headless":1,"born_in_chaos_v1:pumpkin_spirit":1,"minecraft:skeleton":10,"rats:rat":2,"minecraft:zombie":48,"born_in_chaos_v1:corpse_fly":11,"enemyexpansion:botfly":4,"minecraft:cow":1,"minecraft:vindicator":2,"illagerinvasion:marauder":3,"born_in_chaos_v1:skeleton_thrasher_not_despawn":1,"born_in_chaos_v1:barrel_zombie":7,"minecraft:rabbit":1,"enemyexpansion:sprinter":5,"born_in_chaos_v1:decrepit_skeleton":4,"born_in_chaos_v1:bloody_gadfly":2,"minecraft:spider":15,"irons_spellbooks:summoned_skeleton":3,"born_in_chaos_v1:firelight_not_despawn":5,"minecraft:zombie_villager":1,"born_in_chaos_v1:diamond_termite":4,"irons_spellbooks:necromancer":3,"minecraft:creeper":4,"minecraft:sheep":8,"alexsmobs:fly":1,"irons_spellbooks:summoned_zombie":5,"enemyexpansion:direwolf":14,"born_in_chaos_v1:maggot":17,"iceandfire:fire_dragon":1,"alexsmobs:bison":2,"minecraft:drowned":1,"born_in_chaos_v1:corpse_fish":5,"enemyexpansion:goblin":1,"rats:plague_doctor":3,"born_in_chaos_v1:baby_skeleton":1,"enemyexpansion:huntsman":1,"alexsmobs:crow":5,"enemyexpansion:slugger":3},"minecraft:used":{"minecraft:spruce_slab":19,"minecraft:chest":42,"minecraft:rotten_flesh":6,"born_in_chaos_v1:soul_cutlass":184,"minecraft:azure_bluet":2,"born_in_chaos_v1:smoked_flesh":4,"minecraft:dark_oak_slab":2,"minecraft:bow":14,"minecraft:sweet_berries":24,"minecraft:oak_sapling":9,"minecraft:furnace":12,"minecraft:egg":3,"minecraft:potato":6,"minecraft:mossy_stone_bricks":2,"minecraft:diorite":10,"minecraft:cookie":3,"minecraft:golden_apple":2,"minecraft:glow_berries":12,"minecraft:pumpkin_seeds":1,"minecraft:deepslate_tiles":1,"iceandfire:silver_pickaxe":873,"minecraft:oak_trapdoor":2,"toughasnails:water_purifier":3,"minecraft:cooked_salmon":5,"minecraft:torch":206,"minecraft:anvil":2,"minecraft:chainmail_chestplate":10,"minecraft:yellow_carpet":1,"minecraft:golden_shovel":230,"minecraft:iron_axe":410,"minecraft:barrel":8,"minecraft:melon_seeds":2,"minecraft:goat_horn":1,"minecraft:cobbled_deepslate":8,"minecraft:pointed_dripstone":1,"minecraft:wheat_seeds":177,"minecraft:water_bucket":143,"minecraft:birch_planks":3,"minecraft:cracked_stone_bricks":2,"born_in_chaos_v1:black_argillite_brick_stairs":2,"minecraft:oak_slab":3,"minecraft:crafting_table":25,"minecraft:red_bed":12,"minecraft:white_bed":20,"minecraft:mud":2,"minecraft:oxeye_daisy":2,"minecraft:diamond_pickaxe":1809,"minecraft:cornflower":7,"minecraft:diamond_shovel":3077,"minecraft:iron_pickaxe":4112,"minecraft:spruce_trapdoor":47,"minecraft:spruce_sapling":13,"minecraft:cobblestone":2593,"minecraft:potion":95,"minecraft:porkchop":2,"minecraft:cooked_porkchop":1,"toughasnails:purified_water_canteen":10,"minecraft:dandelion":8,"minecraft:candle":4,"minecraft:diamond_leggings":13,"minecraft:iron_shovel":4003,"minecraft:diamond_hoe":4619,"minecraft:shield":7,"minecraft:iron_sword":151,"minecraft:iron_chestplate":18,"minecraft:carrot":28,"born_in_chaos_v1:corpse_maggot":4,"minecraft:lantern":1,"minecraft:iron_helmet":8,"minecraft:stone_bricks":9,"born_in_chaos_v1:black_argillite_brick":3,"minecraft:red_carpet":10,"minecraft:magma_block":1,"minecraft:hay_block":2,"minecraft:gray_bed":2,"minecraft:oak_planks":71,"minecraft:chainmail_helmet":4,"minecraft:diamond_axe":361,"toughasnails:water_canteen":114,"minecraft:crossbow":7,"iceandfire:silver_axe":199,"minecraft:lever":2,"minecraft:bread":97,"minecraft:string":1,"minecraft:gravel":4,"born_in_chaos_v1:rotten_fish":2,"minecraft:chainmail_boots":10,"born_in_chaos_v1:river_mint":1,"minecraft:andesite":27,"minecraft:air":12,"minecraft:bone_meal":1,"minecraft:cobweb":1,"minecraft:stone_shovel":560,"minecraft:spruce_planks":18,"minecraft:sculk":2,"minecraft:oak_door":3,"minecraft:dirt":8370,"minecraft:spyglass":3,"toughasnails:empty_canteen":7,"minecraft:spruce_stairs":1,"minecraft:spruce_fence":4,"minecraft:granite":27,"minecraft:iron_hoe":140,"minecraft:dark_oak_planks":6,"minecraft:iron_boots":16,"minecraft:cooked_beef":20,"minecraft:iron_leggings":43,"minecraft:cooked_mutton":14,"minecraft:cobblestone_stairs":119,"minecraft:glass_bottle":166,"minecraft:polished_andesite":4,"minecraft:baked_potato":3,"minecraft:spruce_sign":3,"spartanshields:iron_tower_shield":132,"minecraft:painting":1,"minecraft:black_wool":2,"minecraft:apple":3,"minecraft:yellow_wool":1,"minecraft:stone_axe":71,"toughasnails:purified_water_bottle":64,"minecraft:bucket":143,"minecraft:yellow_bed":15,"iceandfire:silver_shovel":473,"minecraft:gray_wool":10,"minecraft:soul_torch":55,"minecraft:chainmail_leggings":4},"minecraft:picked_up":{"minecraft:seagrass":1,"minecraft:iron_chestplate":43,"minecraft:chainmail_boots":39,"minecraft:flower_pot":11,"minecraft:anvil":10,"minecraft:prismarine_shard":6,"minecraft:magenta_carpet":12,"minecraft:lead":18,"minecraft:diamond_sword":1,"born_in_chaos_v1:black_argillite_brick_wall":1,"minecraft:oak_stairs":2,"minecraft:enchanted_book":17,"iceandfire:manuscript":4,"minecraft:string":108,"minecraft:cooked_salmon":15,"minecraft:pufferfish":4,"rats:contaminated_food":3,"illagerinvasion:platinum_infused_hatchet":1,"minecraft:diamond_leggings":16,"minecraft:gold_nugget":17,"minecraft:cobbled_deepslate":293,"bosses_of_mass_destruction:soul_star":1,"minecraft:spruce_planks":15,"minecraft:written_book":4,"born_in_chaos_v1:shattered_skull":13,"minecraft:composter":6,"rats:rat_skull":4,"born_in_chaos_v1:black_argillite_brick_stairs":4,"minecraft:deepslate_tile_stairs":5,"minecraft:golden_chestplate":2,"minecraft:tropical_fish":11,"iceandfire:fire_dragon_heart":2,"minecraft:birch_log":16,"minecraft:feather":15,"minecraft:magma_block":5,"minecraft:cooked_beef":34,"minecraft:water_bucket":44,"minecraft:brown_wool":1,"conjurer_illager:conjurer_hat":1,"alexsmobs:bison_fur":4,"minecraft:flint":54,"minecraft:map":6,"minecraft:lantern":5,"born_in_chaos_v1:marigolds":38,"minecraft:rabbit":6,"minecraft:glowstone_dust":11,"spartanshields:iron_tower_shield":48,"iceandfire:dragon_skull_fire":1,"minecraft:dark_oak_log":6,"minecraft:barrel":16,"minecraft:iron_hoe":20,"minecraft:polished_andesite":9,"toughasnails:water_canteen":5,"toughasnails:water_purifier":2,"minecraft:lever":2,"minecraft:granite":126,"minecraft:chainmail_helmet":11,"minecraft:bread":474,"alexsmobs:maggot":1,"born_in_chaos_v1:rotten_fish":10,"minecraft:dark_oak_fence":1,"minecraft:crimson_roots":3,"iceandfire:raw_silver":19,"minecraft:diamond_pickaxe":31,"minecraft:mud":4,"minecraft:crafting_table":13,"born_in_chaos_v1:seedof_chaos":2,"minecraft:leather_leggings":3,"irons_spellbooks:tarnished_helmet":4,"minecraft:cornflower":43,"minecraft:red_bed":15,"minecraft:compass":4,"minecraft:iron_shovel":18,"irons_spellbooks:pumpkin_helmet":2,"born_in_chaos_v1:black_argillite_brick":5,"minecraft:cracked_stone_bricks":2,"minecraft:beef":15,"born_in_chaos_v1:gnawed_bones":17,"minecraft:poppy":42,"minecraft:spruce_slab":10,"minecraft:chest":54,"minecraft:diamond_hoe":45,"minecraft:egg":18,"minecraft:spruce_fence":4,"born_in_chaos_v1:pieceofdarkmetal":4,"minecraft:carrot":277,"minecraft:redstone":31,"minecraft:stone_shovel":6,"minecraft:beetroot_seeds":9,"minecraft:shears":4,"minecraft:deepslate_bricks":3,"minecraft:hay_block":369,"rats:cooked_rat":7,"minecraft:cracked_deepslate_bricks":3,"minecraft:gold_ingot":125,"minecraft:totem_of_undying":3,"minecraft:glow_berries":10,"minecraft:mutton":15,"minecraft:white_wool":6,"minecraft:rail":103,"minecraft:oxeye_daisy":13,"born_in_chaos_v1:pumpkin_staff":14,"minecraft:oak_log":102,"toughasnails:purified_water_bottle":32,"minecraft:golden_boots":1,"minecraft:paper":102,"minecraft:white_banner":14,"rats:plague_leech":3,"born_in_chaos_v1:soul_cutlass":22,"minecraft:apple":56,"minecraft:stone_bricks":40,"minecraft:kelp":1,"born_in_chaos_v1:smoked_flesh":16,"minecraft:cobweb":9,"minecraft:glass_bottle":56,"minecraft:gray_bed":2,"minecraft:iron_sword":23,"minecraft:dark_oak_slab":4,"minecraft:sweet_berries":85,"born_in_chaos_v1:ethereal_spirit":78,"minecraft:spyglass":8,"minecraft:gravel":179,"minecraft:spruce_sapling":16,"minecraft:spruce_log":135,"minecraft:leather_helmet":3,"irons_spellbooks:poisonward_ring":2,"minecraft:oak_wood":15,"minecraft:diamond_shovel":50,"minecraft:stone_axe":11,"minecraft:light_blue_carpet":5,"minecraft:diamond_axe":32,"minecraft:scute":1,"minecraft:painting":1,"minecraft:gray_wool":17,"minecraft:baked_potato":59,"minecraft:melon_seeds":32,"minecraft:stripped_dark_oak_log":2,"irons_spellbooks:scroll":6,"minecraft:black_carpet":2,"minecraft:wheat":501,"illagerinvasion:platinum_chunk":9,"minecraft:yellow_wool":1,"rats:herb_bundle":3,"minecraft:turtle_egg":3,"minecraft:potion":12,"minecraft:stone_brick_stairs":4,"born_in_chaos_v1:bloody_gadfly_eye":3,"born_in_chaos_v1:holiday_candy":46,"born_in_chaos_v1:black_argillite":2,"minecraft:raw_copper":235,"minecraft:iron_leggings":68,"minecraft:armor_stand":6,"minecraft:experience_bottle":2,"minecraft:activator_rail":1,"irons_spellbooks:arcane_essence":22,"minecraft:deepslate_tiles":5,"minecraft:tnt_minecart":2,"minecraft:bucket":24,"minecraft:white_tulip":2,"minecraft:wooden_shovel":2,"minecraft:iron_pickaxe":126,"alexsmobs:raccoon_tail":14,"iceandfire:dragonscales_red":19,"minecraft:iron_boots":44,"minecraft:furnace":4,"minecraft:stick":387,"minecraft:oak_fence":1,"minecraft:torch":598,"minecraft:spruce_stairs":1,"minecraft:porkchop":3,"minecraft:pointed_dripstone":124,"minecraft:diorite":14,"minecraft:goat_horn":9,"minecraft:rotten_flesh":284,"minecraft:leather_horse_armor":5,"minecraft:obsidian":265,"minecraft:cod":4,"irons_spellbooks:copper_spell_book":8,"minecraft:cobblestone":20615,"minecraft:leather_chestplate":3,"minecraft:andesite":66,"minecraft:potato":204,"minecraft:tuff":16,"rats:raw_rat":3,"minecraft:dirt":23447,"minecraft:lapis_lazuli":203,"minecraft:name_tag":6,"minecraft:leather_boots":3,"minecraft:bone":331,"minecraft:bow":21,"minecraft:wheat_seeds":1201,"minecraft:raw_gold":23,"minecraft:bell":1,"minecraft:mossy_stone_bricks":3,"minecraft:fletching_table":2,"minecraft:powered_rail":7,"minecraft:oak_planks":521,"irons_spellbooks:fireward_ring":1,"minecraft:cooked_porkchop":13,"minecraft:music_disc_13":2,"minecraft:poisonous_potato":3,"minecraft:sand":76,"minecraft:dead_bush":1,"minecraft:mossy_cobblestone":6,"minecraft:yellow_carpet":13,"born_in_chaos_v1:fire_dust":10,"minecraft:diamond":118,"minecraft:crossbow":7,"minecraft:bone_meal":152,"minecraft:golden_apple":8,"minecraft:spruce_sign":3,"minecraft:emerald":182,"minecraft:oak_sapling":31,"minecraft:lingering_potion":3,"minecraft:charcoal":12,"born_in_chaos_v1:diamond_termite_shard":42,"minecraft:azure_bluet":12,"born_in_chaos_v1:river_mint":129,"minecraft:chest_minecart":1,"minecraft:brown_mushroom":41,"minecraft:gold_block":10,"minecraft:chain":15,"minecraft:brick":33,"minecraft:shield":5,"minecraft:iron_axe":65,"minecraft:item_frame":2,"minecraft:candle":4,"minecraft:sugar_cane":15,"minecraft:spruce_trapdoor":110,"minecraft:dark_oak_sapling":9,"minecraft:raw_iron":95,"iceandfire:dragonbone":16,"minecraft:copper_ingot":7,"irons_spellbooks:pumpkin_boots":2,"minecraft:cookie":17,"spartanshields:stone_basic_shield":1,"minecraft:dark_oak_planks":46,"toughasnails:empty_canteen":1,"iceandfire:silver_ingot":1,"minecraft:arrow":155,"minecraft:stripped_dark_oak_wood":4,"minecraft:black_banner":2,"iceandfire:silver_axe":23,"born_in_chaos_v1:corpse_maggot":51,"minecraft:glow_ink_sac":3,"minecraft:leather":25,"iceandfire:silver_shovel":1,"minecraft:birch_planks":4,"minecraft:chainmail_chestplate":37,"iceandfire:ectoplasm":16,"minecraft:yellow_bed":21,"minecraft:gunpowder":21,"minecraft:cobblestone_stairs":128,"minecraft:cooked_mutton":22,"minecraft:red_carpet":40,"minecraft:gray_carpet":2,"minecraft:rabbit_hide":4,"minecraft:iron_ingot":225,"irons_spellbooks:pumpkin_chestplate":2,"minecraft:stripped_oak_wood":1,"born_in_chaos_v1:fel_lamp":2,"iceandfire:fire_dragon_flesh":6,"minecraft:book":34,"minecraft:oak_slab":3,"minecraft:emerald_block":79,"minecraft:chiseled_stone_bricks":2,"minecraft:dandelion":176,"minecraft:dripstone_block":31,"minecraft:soul_torch":192,"alexsmobs:lava_bottle":4,"minecraft:white_bed":20,"minecraft:green_carpet":23,"minecraft:spider_eye":23,"iceandfire:silver_pickaxe":13,"minecraft:pumpkin_seeds":487,"minecraft:chainmail_leggings":20,"minecraft:iron_helmet":33,"minecraft:black_wool":3,"minecraft:coal":802},"minecraft:mined":{"minecraft:dark_oak_planks":19,"minecraft:white_bed":17,"minecraft:light_blue_carpet":1,"minecraft:obsidian":84,"minecraft:granite":69,"minecraft:deepslate_bricks":3,"minecraft:deepslate_tile_stairs":5,"minecraft:oxeye_daisy":2,"minecraft:chiseled_stone_bricks":2,"minecraft:spawner":3,"minecraft:magma_block":5,"minecraft:cobbled_deepslate":1,"minecraft:fire":43,"minecraft:barrel":8,"minecraft:fletching_table":1,"minecraft:deepslate_lapis_ore":1,"minecraft:stripped_dark_oak_wood":4,"minecraft:sculk_shrieker":5,"minecraft:dirt_path":6,"minecraft:oak_stairs":2,"minecraft:soul_wall_torch":13,"minecraft:red_bed":12,"minecraft:crimson_nylium":1,"minecraft:soul_fire":5,"minecraft:powder_snow":14,"born_in_chaos_v1:infected_deepslate_diamond_ore":4,"minecraft:torch":13,"minecraft:sugar_cane":1,"minecraft:mud":3,"minecraft:wheat":98,"born_in_chaos_v1:black_argillite_brick":7,"minecraft:stone_brick_stairs":2,"minecraft:grass":455,"born_in_chaos_v1:infernal_evil_pumpkin_s":1,"minecraft:deepslate":28,"iceandfire:silver_ore":14,"minecraft:mossy_cobblestone":2,"minecraft:dark_oak_log":21,"minecraft:dark_oak_fence":1,"minecraft:spruce_fence":4,"born_in_chaos_v1:black_argillite_brick_wall":1,"born_in_chaos_v1:black_argillite":5,"iceandfire:deepslate_silver_ore":1,"minecraft:redstone_ore":3,"minecraft:andesite":63,"minecraft:potatoes":29,"minecraft:vine":12,"minecraft:rail":102,"minecraft:oak_slab":2,"toughasnails:water_purifier":2,"minecraft:dandelion":58,"minecraft:cornflower":10,"minecraft:tall_grass":120,"minecraft:copper_ore":29,"minecraft:cracked_deepslate_bricks":3,"minecraft:diorite":9,"minecraft:black_stained_glass":1,"minecraft:spruce_log":98,"minecraft:birch_leaves":2,"minecraft:gravel":79,"minecraft:dripstone_block":32,"minecraft:cobweb":3,"minecraft:stone_bricks":19,"minecraft:gold_ore":23,"minecraft:fern":2,"minecraft:spruce_planks":5,"minecraft:oak_sapling":2,"minecraft:farmland":9,"minecraft:cobblestone_stairs":20,"minecraft:sculk_vein":156,"minecraft:spruce_trapdoor":62,"minecraft:grass_block":4609,"minecraft:composter":1,"minecraft:frosted_ice":2,"minecraft:glowstone":3,"minecraft:sculk_catalyst":21,"minecraft:iron_ore":64,"born_in_chaos_v1:black_argillite_brick_stairs":7,"minecraft:black_carpet":2,"minecraft:anvil":2,"minecraft:azure_bluet":5,"minecraft:pointed_dripstone":61,"minecraft:spruce_slab":7,"minecraft:poppy":6,"minecraft:chest":28,"minecraft:cobblestone":437,"minecraft:oak_planks":95,"minecraft:wall_torch":25,"minecraft:powered_rail":3,"minecraft:dark_oak_slab":2,"minecraft:yellow_wool":1,"minecraft:birch_log":16,"born_in_chaos_v1:river_mint":14,"minecraft:stripped_oak_wood":1,"minecraft:oak_log":78,"minecraft:sand":21,"minecraft:dirt":4071,"minecraft:netherrack":1,"minecraft:oak_leaves":37,"minecraft:diamond_ore":15,"minecraft:red_carpet":7,"minecraft:deepslate_diamond_ore":4,"minecraft:candle":1,"born_in_chaos_v1:infected_diamond_ore":1,"minecraft:lever":2,"minecraft:spruce_leaves":88,"minecraft:hay_block":59,"minecraft:spruce_sapling":2,"minecraft:furnace":4,"minecraft:carrots":12,"minecraft:gold_block":2,"minecraft:bell":1,"minecraft:bookshelf":1,"minecraft:deepslate_iron_ore":26,"minecraft:lantern":1,"minecraft:stone":5266,"born_in_chaos_v1:marigolds":2,"minecraft:soul_torch":15,"minecraft:stripped_dark_oak_log":1,"minecraft:oak_fence":1,"minecraft:crafting_table":11,"minecraft:oak_wood":15,"minecraft:sculk_sensor":99,"minecraft:deepslate_coal_ore":4,"minecraft:lapis_ore":7,"minecraft:sculk":3520,"minecraft:gray_wool":17,"minecraft:birch_planks":4,"minecraft:sweet_berry_bush":9,"minecraft:black_wall_banner":1,"minecraft:gray_bed":2,"minecraft:white_wall_banner":4,"minecraft:yellow_bed":15,"minecraft:black_wool":1,"minecraft:coal_ore":200,"minecraft:cherry_leaves":4,"minecraft:gray_carpet":1,"minecraft:cracked_stone_bricks":3,"minecraft:polished_andesite":7,"minecraft:mossy_stone_bricks":3},"minecraft:custom":{"minecraft:interact_with_crafting_table":165,"minecraft:open_barrel":334,"minecraft:leave_game":45,"minecraft:time_since_death":0,"minecraft:damage_blocked_by_shield":4515,"minecraft:play_time":1758802,"minecraft:deaths":201,"minecraft:jump":23896,"minecraft:interact_with_furnace":134,"minecraft:interact_with_cartography_table":1,"minecraft:sleep_in_bed":138,"minecraft:damage_dealt":51125,"minecraft:interact_with_smoker":6,"minecraft:sneak_time":61801,"minecraft:interact_with_lectern":1,"minecraft:interact_with_blast_furnace":2,"minecraft:total_world_time":1758802,"minecraft:time_since_rest":53,"minecraft:swim_one_cm":232291,"minecraft:fly_one_cm":4195468,"minecraft:open_chest":886,"minecraft:fall_one_cm":565940,"minecraft:sprint_one_cm":4017423,"minecraft:drop":218,"minecraft:talked_to_villager":54,"minecraft:interact_with_brewingstand":4,"minecraft:walk_on_water_one_cm":218930,"minecraft:player_kills":1,"minecraft:crouch_one_cm":259964,"minecraft:mob_kills":244,"minecraft:damage_dealt_resisted":1649,"minecraft:climb_one_cm":52766,"minecraft:walk_one_cm":6361734,"minecraft:walk_under_water_one_cm":66177,"minecraft:boat_one_cm":318720,"spartanshields:shield_bash_hits":20,"minecraft:damage_taken":60686,"minecraft:damage_absorbed":590,"minecraft:trigger_trapped_chest":1},"minecraft:crafted":{"spartanshields:wooden_tower_shield":3,"iceandfire:silver_shovel":1,"minecraft:diamond_shovel":5,"minecraft:cooked_mutton":3,"minecraft:glass":14,"iceandfire:silver_axe":1,"minecraft:glass_bottle":9,"minecraft:cooked_porkchop":6,"minecraft:diamond_axe":3,"minecraft:copper_ingot":21,"minecraft:hay_block":4,"minecraft:iron_pickaxe":17,"minecraft:stone_shovel":5,"minecraft:diamond_hoe":1,"minecraft:bone_meal":27,"minecraft:diamond":1,"minecraft:spruce_slab":12,"minecraft:dark_oak_planks":24,"minecraft:iron_shovel":13,"minecraft:iron_leggings":2,"minecraft:white_bed":3,"iceandfire:silver_pickaxe":2,"minecraft:oak_planks":244,"minecraft:cobblestone_stairs":168,"minecraft:iron_boots":1,"minecraft:chest":17,"minecraft:crafting_table":15,"minecraft:spruce_planks":100,"spartanshields:iron_tower_shield":3,"minecraft:baked_potato":9,"minecraft:iron_helmet":2,"minecraft:birch_planks":64,"minecraft:iron_chestplate":3,"minecraft:charcoal":21,"minecraft:diamond_pickaxe":2,"minecraft:emerald_block":7,"toughasnails:water_purifier":1,"minecraft:stick":204,"minecraft:iron_ingot":84,"toughasnails:empty_canteen":1,"minecraft:oak_door":3,"minecraft:furnace":8,"minecraft:oak_trapdoor":2,"minecraft:iron_axe":2,"minecraft:iron_hoe":4,"minecraft:cooked_beef":14,"iceandfire:silver_ingot":15,"minecraft:iron_sword":1,"minecraft:golden_shovel":7,"minecraft:bucket":4,"minecraft:stone_axe":1,"minecraft:air":0,"minecraft:torch":192},"minecraft:broken":{"minecraft:golden_boots":1,"minecraft:iron_leggings":1,"minecraft:chainmail_boots":1,"iceandfire:silver_shovel":1,"spartanshields:iron_tower_shield":1,"toughasnails:water_canteen":3,"minecraft:iron_axe":1,"minecraft:iron_pickaxe":15,"toughasnails:purified_water_canteen":2,"minecraft:iron_shovel":13,"minecraft:leather_leggings":1,"minecraft:golden_shovel":7,"iceandfire:silver_pickaxe":1,"minecraft:stone_axe":1,"minecraft:stone_shovel":4,"minecraft:diamond_hoe":1}},"DataVersion":3465}