{"stats":{"minecraft:custom":{"minecraft:interact_with_crafting_table":155,"minecraft:open_barrel":316,"minecraft:leave_game":43,"minecraft:time_since_death":19218,"minecraft:damage_blocked_by_shield":4515,"minecraft:play_time":1657783,"minecraft:deaths":197,"minecraft:jump":22782,"minecraft:interact_with_furnace":118,"minecraft:interact_with_cartography_table":1,"minecraft:sleep_in_bed":134,"minecraft:damage_dealt":49973,"minecraft:interact_with_smoker":6,"minecraft:sneak_time":60725,"minecraft:interact_with_lectern":1,"minecraft:interact_with_blast_furnace":2,"minecraft:total_world_time":1657783,"minecraft:time_since_rest":19260,"minecraft:swim_one_cm":232291,"minecraft:fly_one_cm":3961419,"minecraft:open_chest":770,"minecraft:fall_one_cm":539161,"minecraft:sprint_one_cm":3839224,"minecraft:drop":183,"minecraft:talked_to_villager":54,"minecraft:interact_with_brewingstand":4,"minecraft:walk_on_water_one_cm":210922,"minecraft:player_kills":1,"minecraft:crouch_one_cm":258018,"minecraft:mob_kills":236,"minecraft:damage_dealt_resisted":1649,"minecraft:climb_one_cm":52766,"minecraft:walk_one_cm":5982896,"minecraft:walk_under_water_one_cm":62266,"minecraft:boat_one_cm":318720,"spartanshields:shield_bash_hits":20,"minecraft:damage_taken":59587,"minecraft:damage_absorbed":590,"minecraft:trigger_trapped_chest":1},"minecraft:killed":{"illagerinvasion:archivist":1,"born_in_chaos_v1:mr_pumpkin":12,"born_in_chaos_v1:zombie_lumberjack":1,"born_in_chaos_v1:restless_spirit":14,"born_in_chaos_v1:door_knight_not_despawn":2,"born_in_chaos_v1:sir_the_headless":1,"born_in_chaos_v1:pumpkin_spirit":1,"minecraft:skeleton":10,"rats:rat":2,"minecraft:zombie":46,"born_in_chaos_v1:corpse_fly":11,"enemyexpansion:botfly":3,"minecraft:cow":1,"minecraft:vindicator":2,"illagerinvasion:marauder":3,"born_in_chaos_v1:skeleton_thrasher_not_despawn":1,"born_in_chaos_v1:barrel_zombie":7,"minecraft:rabbit":1,"enemyexpansion:sprinter":5,"born_in_chaos_v1:decrepit_skeleton":4,"born_in_chaos_v1:bloody_gadfly":2,"minecraft:spider":15,"irons_spellbooks:summoned_skeleton":3,"born_in_chaos_v1:firelight_not_despawn":5,"born_in_chaos_v1:diamond_termite":4,"minecraft:zombie_villager":1,"irons_spellbooks:necromancer":3,"minecraft:creeper":3,"minecraft:sheep":8,"alexsmobs:fly":1,"irons_spellbooks:summoned_zombie":5,"enemyexpansion:direwolf":12,"born_in_chaos_v1:maggot":17,"iceandfire:fire_dragon":1,"alexsmobs:bison":2,"minecraft:drowned":1,"born_in_chaos_v1:corpse_fish":4,"enemyexpansion:goblin":1,"rats:plague_doctor":3,"born_in_chaos_v1:baby_skeleton":1,"enemyexpansion:huntsman":1,"alexsmobs:crow":4,"enemyexpansion:slugger":3},"minecraft:picked_up":{"minecraft:seagrass":1,"minecraft:iron_chestplate":43,"minecraft:chainmail_boots":39,"minecraft:flower_pot":11,"minecraft:anvil":10,"minecraft:prismarine_shard":6,"minecraft:magenta_carpet":12,"minecraft:lead":6,"minecraft:diamond_sword":1,"born_in_chaos_v1:black_argillite_brick_wall":1,"minecraft:oak_stairs":2,"minecraft:enchanted_book":17,"iceandfire:manuscript":4,"minecraft:string":93,"minecraft:cooked_salmon":15,"minecraft:pufferfish":2,"rats:contaminated_food":1,"illagerinvasion:platinum_infused_hatchet":1,"minecraft:diamond_leggings":16,"minecraft:gold_nugget":17,"minecraft:cobbled_deepslate":293,"bosses_of_mass_destruction:soul_star":1,"minecraft:spruce_planks":10,"minecraft:written_book":4,"born_in_chaos_v1:shattered_skull":13,"minecraft:composter":4,"rats:rat_skull":2,"born_in_chaos_v1:black_argillite_brick_stairs":4,"minecraft:deepslate_tile_stairs":5,"minecraft:golden_chestplate":2,"minecraft:tropical_fish":5,"iceandfire:fire_dragon_heart":2,"minecraft:birch_log":16,"minecraft:feather":10,"minecraft:magma_block":5,"minecraft:cooked_beef":34,"minecraft:water_bucket":43,"minecraft:brown_wool":1,"conjurer_illager:conjurer_hat":1,"alexsmobs:bison_fur":4,"minecraft:flint":52,"minecraft:map":6,"minecraft:lantern":3,"born_in_chaos_v1:marigolds":24,"minecraft:rabbit":6,"minecraft:glowstone_dust":11,"spartanshields:iron_tower_shield":48,"iceandfire:dragon_skull_fire":1,"minecraft:dark_oak_log":6,"minecraft:barrel":14,"minecraft:iron_hoe":20,"minecraft:polished_andesite":9,"toughasnails:water_canteen":4,"toughasnails:water_purifier":2,"minecraft:lever":2,"minecraft:granite":126,"minecraft:chainmail_helmet":11,"minecraft:bread":474,"alexsmobs:maggot":1,"born_in_chaos_v1:rotten_fish":10,"minecraft:dark_oak_fence":1,"minecraft:crimson_roots":3,"iceandfire:raw_silver":19,"minecraft:diamond_pickaxe":31,"minecraft:mud":4,"minecraft:crafting_table":12,"born_in_chaos_v1:seedof_chaos":2,"minecraft:leather_leggings":3,"irons_spellbooks:tarnished_helmet":2,"minecraft:cornflower":39,"minecraft:red_bed":15,"minecraft:compass":3,"minecraft:iron_shovel":17,"irons_spellbooks:pumpkin_helmet":2,"born_in_chaos_v1:black_argillite_brick":5,"minecraft:cracked_stone_bricks":2,"minecraft:beef":15,"born_in_chaos_v1:gnawed_bones":15,"minecraft:poppy":38,"minecraft:spruce_slab":1,"minecraft:chest":53,"minecraft:diamond_hoe":44,"minecraft:egg":12,"minecraft:spruce_fence":4,"born_in_chaos_v1:pieceofdarkmetal":4,"minecraft:carrot":277,"minecraft:redstone":31,"minecraft:stone_shovel":5,"minecraft:beetroot_seeds":3,"minecraft:shears":4,"minecraft:deepslate_bricks":3,"minecraft:hay_block":291,"rats:cooked_rat":7,"minecraft:cracked_deepslate_bricks":3,"minecraft:gold_ingot":125,"minecraft:totem_of_undying":3,"minecraft:glow_berries":10,"minecraft:mutton":15,"minecraft:white_wool":6,"minecraft:rail":103,"minecraft:oxeye_daisy":11,"born_in_chaos_v1:pumpkin_staff":14,"minecraft:oak_log":93,"toughasnails:purified_water_bottle":32,"minecraft:golden_boots":1,"minecraft:paper":101,"minecraft:white_banner":14,"rats:plague_leech":1,"born_in_chaos_v1:soul_cutlass":22,"minecraft:apple":56,"minecraft:stone_bricks":39,"minecraft:kelp":1,"born_in_chaos_v1:smoked_flesh":16,"minecraft:cobweb":9,"minecraft:glass_bottle":56,"minecraft:gray_bed":2,"minecraft:iron_sword":23,"minecraft:dark_oak_slab":4,"minecraft:sweet_berries":85,"born_in_chaos_v1:ethereal_spirit":78,"minecraft:spyglass":8,"minecraft:gravel":175,"minecraft:spruce_sapling":15,"minecraft:spruce_log":135,"minecraft:leather_helmet":3,"irons_spellbooks:poisonward_ring":2,"minecraft:oak_wood":15,"minecraft:diamond_shovel":50,"minecraft:stone_axe":11,"minecraft:light_blue_carpet":5,"minecraft:diamond_axe":29,"minecraft:scute":1,"minecraft:painting":1,"minecraft:gray_wool":17,"minecraft:baked_potato":59,"minecraft:melon_seeds":32,"minecraft:stripped_dark_oak_log":2,"irons_spellbooks:scroll":6,"minecraft:black_carpet":2,"minecraft:wheat":460,"illagerinvasion:platinum_chunk":9,"minecraft:yellow_wool":1,"rats:herb_bundle":1,"minecraft:turtle_egg":1,"minecraft:potion":12,"minecraft:stone_brick_stairs":4,"born_in_chaos_v1:bloody_gadfly_eye":1,"born_in_chaos_v1:holiday_candy":46,"born_in_chaos_v1:black_argillite":2,"minecraft:raw_copper":235,"minecraft:iron_leggings":65,"minecraft:armor_stand":6,"minecraft:experience_bottle":2,"minecraft:activator_rail":1,"irons_spellbooks:arcane_essence":20,"minecraft:deepslate_tiles":5,"minecraft:tnt_minecart":2,"minecraft:bucket":24,"minecraft:white_tulip":2,"minecraft:wooden_shovel":2,"minecraft:iron_pickaxe":124,"alexsmobs:raccoon_tail":14,"iceandfire:dragonscales_red":19,"minecraft:iron_boots":44,"minecraft:furnace":3,"minecraft:stick":387,"minecraft:oak_fence":1,"minecraft:torch":587,"minecraft:spruce_stairs":1,"minecraft:porkchop":3,"minecraft:pointed_dripstone":124,"minecraft:diorite":14,"minecraft:goat_horn":9,"minecraft:rotten_flesh":255,"minecraft:leather_horse_armor":5,"minecraft:obsidian":163,"minecraft:cod":2,"irons_spellbooks:copper_spell_book":8,"minecraft:cobblestone":20537,"minecraft:leather_chestplate":3,"minecraft:andesite":63,"minecraft:potato":204,"minecraft:tuff":16,"rats:raw_rat":1,"minecraft:dirt":22820,"minecraft:lapis_lazuli":202,"minecraft:name_tag":6,"minecraft:leather_boots":3,"minecraft:bone":260,"minecraft:bow":21,"minecraft:wheat_seeds":1003,"minecraft:raw_gold":23,"minecraft:bell":1,"minecraft:mossy_stone_bricks":3,"minecraft:fletching_table":2,"minecraft:powered_rail":7,"minecraft:oak_planks":502,"irons_spellbooks:fireward_ring":1,"minecraft:cooked_porkchop":13,"minecraft:music_disc_13":2,"minecraft:poisonous_potato":3,"minecraft:sand":76,"minecraft:dead_bush":1,"minecraft:mossy_cobblestone":6,"minecraft:yellow_carpet":13,"born_in_chaos_v1:fire_dust":10,"minecraft:diamond":118,"minecraft:crossbow":7,"minecraft:bone_meal":89,"minecraft:golden_apple":8,"minecraft:spruce_sign":3,"minecraft:emerald":182,"minecraft:oak_sapling":31,"minecraft:lingering_potion":3,"minecraft:charcoal":12,"born_in_chaos_v1:diamond_termite_shard":42,"minecraft:azure_bluet":10,"born_in_chaos_v1:river_mint":105,"minecraft:chest_minecart":1,"minecraft:brown_mushroom":41,"minecraft:gold_block":10,"minecraft:chain":15,"minecraft:brick":33,"minecraft:shield":5,"minecraft:iron_axe":65,"minecraft:item_frame":2,"minecraft:candle":4,"minecraft:sugar_cane":9,"minecraft:spruce_trapdoor":110,"minecraft:dark_oak_sapling":5,"minecraft:raw_iron":87,"iceandfire:dragonbone":16,"minecraft:copper_ingot":7,"irons_spellbooks:pumpkin_boots":2,"minecraft:cookie":12,"spartanshields:stone_basic_shield":1,"minecraft:dark_oak_planks":46,"toughasnails:empty_canteen":1,"iceandfire:silver_ingot":1,"minecraft:arrow":152,"minecraft:stripped_dark_oak_wood":4,"minecraft:black_banner":2,"iceandfire:silver_axe":23,"born_in_chaos_v1:corpse_maggot":45,"minecraft:glow_ink_sac":2,"minecraft:leather":25,"iceandfire:silver_shovel":1,"minecraft:birch_planks":4,"minecraft:chainmail_chestplate":37,"iceandfire:ectoplasm":16,"minecraft:yellow_bed":21,"minecraft:gunpowder":20,"minecraft:cobblestone_stairs":128,"minecraft:cooked_mutton":20,"minecraft:red_carpet":40,"minecraft:gray_carpet":2,"minecraft:rabbit_hide":4,"minecraft:iron_ingot":225,"irons_spellbooks:pumpkin_chestplate":2,"minecraft:stripped_oak_wood":1,"born_in_chaos_v1:fel_lamp":2,"iceandfire:fire_dragon_flesh":6,"minecraft:book":34,"minecraft:oak_slab":3,"minecraft:emerald_block":79,"minecraft:chiseled_stone_bricks":2,"minecraft:dandelion":163,"minecraft:dripstone_block":31,"minecraft:soul_torch":35,"alexsmobs:lava_bottle":4,"minecraft:white_bed":20,"minecraft:green_carpet":23,"minecraft:spider_eye":21,"iceandfire:silver_pickaxe":13,"minecraft:pumpkin_seeds":481,"minecraft:chainmail_leggings":20,"minecraft:iron_helmet":33,"minecraft:black_wool":3,"minecraft:coal":770},"minecraft:used":{"minecraft:chest":34,"minecraft:rotten_flesh":6,"born_in_chaos_v1:soul_cutlass":184,"minecraft:azure_bluet":2,"born_in_chaos_v1:smoked_flesh":4,"minecraft:dark_oak_slab":2,"minecraft:bow":14,"minecraft:sweet_berries":24,"minecraft:oak_sapling":9,"minecraft:furnace":11,"minecraft:egg":3,"minecraft:potato":6,"minecraft:mossy_stone_bricks":2,"minecraft:diorite":10,"minecraft:cookie":3,"minecraft:golden_apple":2,"minecraft:glow_berries":12,"minecraft:pumpkin_seeds":1,"minecraft:deepslate_tiles":1,"iceandfire:silver_pickaxe":873,"minecraft:oak_trapdoor":2,"toughasnails:water_purifier":3,"minecraft:cooked_salmon":5,"minecraft:torch":205,"minecraft:anvil":2,"minecraft:chainmail_chestplate":10,"minecraft:yellow_carpet":1,"minecraft:golden_shovel":230,"minecraft:iron_axe":410,"minecraft:barrel":6,"minecraft:melon_seeds":2,"minecraft:goat_horn":1,"minecraft:cobbled_deepslate":8,"minecraft:pointed_dripstone":1,"minecraft:wheat_seeds":177,"minecraft:water_bucket":123,"minecraft:birch_planks":3,"minecraft:cracked_stone_bricks":2,"born_in_chaos_v1:black_argillite_brick_stairs":2,"minecraft:oak_slab":3,"minecraft:crafting_table":24,"minecraft:red_bed":12,"minecraft:white_bed":20,"minecraft:mud":2,"minecraft:oxeye_daisy":2,"minecraft:diamond_pickaxe":1809,"minecraft:cornflower":7,"minecraft:diamond_shovel":3077,"minecraft:iron_pickaxe":4042,"minecraft:spruce_trapdoor":47,"minecraft:spruce_sapling":5,"minecraft:cobblestone":2548,"minecraft:potion":95,"minecraft:porkchop":2,"minecraft:cooked_porkchop":1,"toughasnails:purified_water_canteen":10,"minecraft:dandelion":8,"minecraft:candle":4,"minecraft:diamond_leggings":13,"minecraft:iron_shovel":3870,"minecraft:diamond_hoe":3909,"minecraft:shield":7,"minecraft:iron_sword":151,"minecraft:iron_chestplate":18,"minecraft:carrot":28,"born_in_chaos_v1:corpse_maggot":4,"minecraft:lantern":1,"minecraft:iron_helmet":8,"minecraft:stone_bricks":9,"born_in_chaos_v1:black_argillite_brick":3,"minecraft:red_carpet":10,"minecraft:magma_block":1,"minecraft:hay_block":1,"minecraft:gray_bed":2,"minecraft:oak_planks":67,"minecraft:chainmail_helmet":4,"minecraft:diamond_axe":321,"toughasnails:water_canteen":105,"minecraft:crossbow":7,"iceandfire:silver_axe":199,"minecraft:lever":2,"minecraft:bread":97,"minecraft:string":1,"minecraft:gravel":1,"born_in_chaos_v1:rotten_fish":2,"minecraft:chainmail_boots":10,"born_in_chaos_v1:river_mint":1,"minecraft:andesite":27,"minecraft:air":12,"minecraft:cobweb":1,"minecraft:stone_shovel":494,"minecraft:spruce_planks":2,"minecraft:sculk":2,"minecraft:oak_door":3,"minecraft:dirt":7718,"minecraft:spyglass":3,"toughasnails:empty_canteen":6,"minecraft:spruce_stairs":1,"minecraft:spruce_fence":4,"minecraft:granite":27,"minecraft:iron_hoe":140,"minecraft:dark_oak_planks":6,"minecraft:iron_boots":16,"minecraft:cooked_beef":15,"minecraft:iron_leggings":29,"minecraft:cooked_mutton":11,"minecraft:cobblestone_stairs":119,"minecraft:glass_bottle":166,"minecraft:polished_andesite":4,"minecraft:baked_potato":3,"minecraft:spruce_sign":3,"spartanshields:iron_tower_shield":132,"minecraft:painting":1,"minecraft:black_wool":2,"minecraft:apple":3,"minecraft:yellow_wool":1,"minecraft:stone_axe":71,"toughasnails:purified_water_bottle":64,"minecraft:bucket":123,"minecraft:yellow_bed":15,"iceandfire:silver_shovel":473,"minecraft:gray_wool":10,"minecraft:soul_torch":23,"minecraft:chainmail_leggings":4},"minecraft:dropped":{"minecraft:porkchop":1,"minecraft:glass_bottle":1,"minecraft:diamond":2,"minecraft:crafting_table":1,"irons_spellbooks:fireward_ring":1,"minecraft:leather_helmet":1,"minecraft:dirt":786,"minecraft:red_bed":1,"minecraft:stripped_dark_oak_wood":2,"irons_spellbooks:arcane_essence":2,"minecraft:gold_nugget":8,"minecraft:iron_pickaxe":3,"minecraft:dark_oak_planks":5,"minecraft:stone_axe":2,"minecraft:goat_horn":1,"minecraft:rotten_flesh":6,"bosses_of_mass_destruction:soul_star":1,"minecraft:leather_boots":1,"minecraft:beef":1,"iceandfire:manuscript":1,"irons_spellbooks:poisonward_ring":2,"minecraft:egg":1,"minecraft:iron_ingot":4,"minecraft:enchanted_book":2,"toughasnails:water_canteen":3,"minecraft:wheat_seeds":61,"born_in_chaos_v1:holiday_candy":46,"minecraft:feather":3,"minecraft:cobblestone":171,"minecraft:chainmail_helmet":1,"minecraft:yellow_carpet":12,"minecraft:golden_apple":2,"minecraft:cobweb":2,"irons_spellbooks:pumpkin_helmet":2,"minecraft:cooked_salmon":3,"minecraft:oak_stairs":2,"minecraft:paper":8,"minecraft:iron_shovel":5,"minecraft:string":12,"irons_spellbooks:copper_spell_book":2,"minecraft:diamond_hoe":1,"minecraft:experience_bottle":1,"minecraft:iron_boots":1,"minecraft:diamond_sword":1,"minecraft:potato":16,"minecraft:diamond_pickaxe":1,"minecraft:yellow_bed":1,"minecraft:spider_eye":1,"minecraft:diamond_axe":1,"minecraft:baked_potato":34,"iceandfire:silver_axe":1,"born_in_chaos_v1:fel_lamp":2,"born_in_chaos_v1:black_argillite_brick":2,"minecraft:gravel":3,"irons_spellbooks:pumpkin_boots":2,"minecraft:diamond_shovel":2,"iceandfire:silver_shovel":1,"minecraft:chainmail_chestplate":3,"minecraft:poppy":12,"minecraft:leather_chestplate":1,"minecraft:chainmail_boots":1,"minecraft:written_book":1,"iceandfire:silver_pickaxe":2,"minecraft:water_bucket":2,"minecraft:bread":18,"minecraft:magenta_carpet":12,"minecraft:mossy_cobblestone":4,"minecraft:poisonous_potato":1,"minecraft:diamond_leggings":1,"conjurer_illager:conjurer_hat":1,"minecraft:stick":7,"irons_spellbooks:scroll":1,"born_in_chaos_v1:pumpkin_staff":2,"born_in_chaos_v1:river_mint":18,"minecraft:torch":57,"minecraft:brown_wool":1,"minecraft:iron_leggings":3,"minecraft:iron_axe":2,"minecraft:bucket":2,"irons_spellbooks:pumpkin_chestplate":2,"minecraft:dandelion":3,"minecraft:raw_copper":12,"minecraft:iron_hoe":2,"minecraft:shield":1,"minecraft:iron_chestplate":1,"minecraft:mossy_stone_bricks":1,"toughasnails:purified_water_bottle":1},"minecraft:broken":{"minecraft:golden_boots":1,"minecraft:iron_leggings":1,"minecraft:chainmail_boots":1,"iceandfire:silver_shovel":1,"spartanshields:iron_tower_shield":1,"toughasnails:water_canteen":2,"minecraft:iron_axe":1,"minecraft:iron_pickaxe":15,"toughasnails:purified_water_canteen":2,"minecraft:iron_shovel":13,"minecraft:leather_leggings":1,"minecraft:golden_shovel":7,"iceandfire:silver_pickaxe":1,"minecraft:stone_axe":1,"minecraft:stone_shovel":3,"minecraft:diamond_hoe":1},"minecraft:killed_by":{"born_in_chaos_v1:decaying_zombie_not_despawn":1,"minecraft:zombie_villager":2,"born_in_chaos_v1:nightmare_stalker":1,"enemyexpansion:slugger":1,"enemyexpansion:huntsman":8,"minecraft:vindicator":12,"minecraft:zombie":29,"minecraft:vex":3,"born_in_chaos_v1:restless_spirit":1,"irons_spellbooks:summoned_skeleton":2,"minecraft:warden":9,"enemyexpansion:botfly":1,"enemyexpansion:direwolf":2,"iceandfire:ghost":2,"born_in_chaos_v1:sir_the_headless":5,"born_in_chaos_v1:dread_hound":1,"born_in_chaos_v1:maggot":1,"mutantmonsters:mutant_zombie":2,"born_in_chaos_v1:mr_pumpkin":1,"minecraft:creeper":4,"born_in_chaos_v1:corpse_fly":1,"enemyexpansion:meature":2,"conjurer_illager:conjurer":1,"enemyexpansion:sprinter":4,"born_in_chaos_v1:diamond_termite":7,"born_in_chaos_v1:door_knight_not_despawn":1,"born_in_chaos_v1:firelight_not_despawn":2,"iceandfire:fire_dragon":13,"minecraft:player":15,"minecraft:spider":2,"enemyexpansion:equestrian":4,"bosses_of_mass_destruction:void_blossom":2,"born_in_chaos_v1:barrel_zombie":1,"born_in_chaos_v1:decaying_zombie":1,"irons_spellbooks:necromancer":9,"minecraft:skeleton":14,"illagerinvasion:marauder":5},"minecraft:mined":{"minecraft:dark_oak_planks":19,"minecraft:white_bed":17,"minecraft:light_blue_carpet":1,"minecraft:obsidian":84,"minecraft:granite":69,"minecraft:deepslate_bricks":3,"minecraft:deepslate_tile_stairs":5,"minecraft:oxeye_daisy":2,"minecraft:chiseled_stone_bricks":2,"minecraft:spawner":3,"minecraft:magma_block":5,"minecraft:cobbled_deepslate":1,"minecraft:fire":43,"minecraft:barrel":6,"minecraft:fletching_table":1,"minecraft:deepslate_lapis_ore":1,"minecraft:stripped_dark_oak_wood":4,"minecraft:sculk_shrieker":5,"minecraft:dirt_path":6,"minecraft:oak_stairs":2,"minecraft:soul_wall_torch":1,"minecraft:red_bed":12,"minecraft:crimson_nylium":1,"minecraft:soul_fire":5,"minecraft:powder_snow":14,"born_in_chaos_v1:infected_deepslate_diamond_ore":4,"minecraft:torch":10,"minecraft:sugar_cane":1,"minecraft:mud":3,"minecraft:wheat":98,"born_in_chaos_v1:black_argillite_brick":7,"minecraft:stone_brick_stairs":2,"minecraft:grass":438,"born_in_chaos_v1:infernal_evil_pumpkin_s":1,"minecraft:deepslate":28,"iceandfire:silver_ore":14,"minecraft:mossy_cobblestone":2,"minecraft:dark_oak_log":21,"minecraft:dark_oak_fence":1,"minecraft:spruce_fence":4,"born_in_chaos_v1:black_argillite_brick_wall":1,"born_in_chaos_v1:black_argillite":5,"iceandfire:deepslate_silver_ore":1,"minecraft:redstone_ore":3,"minecraft:andesite":60,"minecraft:potatoes":29,"minecraft:vine":12,"minecraft:rail":102,"minecraft:oak_slab":2,"toughasnails:water_purifier":2,"minecraft:dandelion":58,"minecraft:cornflower":10,"minecraft:tall_grass":116,"minecraft:copper_ore":29,"minecraft:cracked_deepslate_bricks":3,"minecraft:diorite":9,"minecraft:black_stained_glass":1,"minecraft:spruce_log":98,"minecraft:birch_leaves":2,"minecraft:gravel":75,"minecraft:dripstone_block":32,"minecraft:cobweb":3,"minecraft:stone_bricks":18,"minecraft:gold_ore":23,"minecraft:fern":2,"minecraft:spruce_planks":1,"minecraft:oak_sapling":2,"minecraft:farmland":9,"minecraft:cobblestone_stairs":20,"minecraft:sculk_vein":156,"minecraft:spruce_trapdoor":62,"minecraft:grass_block":4522,"minecraft:composter":1,"minecraft:frosted_ice":2,"minecraft:glowstone":3,"minecraft:sculk_catalyst":21,"minecraft:iron_ore":56,"born_in_chaos_v1:black_argillite_brick_stairs":7,"minecraft:black_carpet":2,"minecraft:anvil":2,"minecraft:azure_bluet":5,"minecraft:pointed_dripstone":61,"minecraft:spruce_slab":1,"minecraft:poppy":5,"minecraft:chest":27,"minecraft:cobblestone":436,"minecraft:oak_planks":91,"minecraft:wall_torch":24,"minecraft:powered_rail":3,"minecraft:dark_oak_slab":2,"minecraft:yellow_wool":1,"minecraft:birch_log":16,"born_in_chaos_v1:river_mint":14,"minecraft:stripped_oak_wood":1,"minecraft:oak_log":78,"minecraft:sand":21,"minecraft:dirt":3916,"minecraft:netherrack":1,"minecraft:oak_leaves":37,"minecraft:diamond_ore":15,"minecraft:red_carpet":7,"minecraft:deepslate_diamond_ore":4,"minecraft:candle":1,"born_in_chaos_v1:infected_diamond_ore":1,"minecraft:lever":2,"minecraft:spruce_leaves":88,"minecraft:hay_block":58,"minecraft:spruce_sapling":1,"minecraft:furnace":3,"minecraft:carrots":12,"minecraft:gold_block":2,"minecraft:bell":1,"minecraft:bookshelf":1,"minecraft:deepslate_iron_ore":26,"minecraft:stone":5212,"born_in_chaos_v1:marigolds":2,"minecraft:soul_torch":6,"minecraft:stripped_dark_oak_log":1,"minecraft:oak_fence":1,"minecraft:crafting_table":10,"minecraft:oak_wood":15,"minecraft:sculk_sensor":99,"minecraft:deepslate_coal_ore":4,"minecraft:lapis_ore":7,"minecraft:sculk":3520,"minecraft:gray_wool":17,"minecraft:birch_planks":4,"minecraft:sweet_berry_bush":9,"minecraft:black_wall_banner":1,"minecraft:gray_bed":2,"minecraft:white_wall_banner":4,"minecraft:yellow_bed":15,"minecraft:black_wool":1,"minecraft:coal_ore":200,"minecraft:cherry_leaves":4,"minecraft:gray_carpet":1,"minecraft:cracked_stone_bricks":3,"minecraft:polished_andesite":7,"minecraft:mossy_stone_bricks":3},"minecraft:crafted":{"iceandfire:silver_shovel":1,"spartanshields:wooden_tower_shield":3,"minecraft:diamond_shovel":5,"minecraft:cooked_mutton":3,"minecraft:glass":14,"iceandfire:silver_axe":1,"minecraft:glass_bottle":9,"minecraft:cooked_porkchop":6,"minecraft:diamond_axe":3,"minecraft:copper_ingot":21,"minecraft:hay_block":4,"minecraft:iron_pickaxe":17,"minecraft:stone_shovel":5,"minecraft:diamond_hoe":1,"minecraft:bone_meal":27,"minecraft:diamond":1,"minecraft:dark_oak_planks":24,"minecraft:iron_shovel":13,"minecraft:iron_leggings":2,"minecraft:white_bed":3,"iceandfire:silver_pickaxe":2,"minecraft:oak_planks":204,"minecraft:cobblestone_stairs":168,"minecraft:iron_boots":1,"minecraft:chest":12,"minecraft:crafting_table":15,"minecraft:spruce_planks":56,"spartanshields:iron_tower_shield":3,"minecraft:baked_potato":9,"minecraft:iron_helmet":2,"minecraft:birch_planks":64,"minecraft:iron_chestplate":3,"minecraft:charcoal":21,"minecraft:diamond_pickaxe":2,"minecraft:emerald_block":7,"toughasnails:water_purifier":1,"minecraft:stick":204,"minecraft:iron_ingot":76,"toughasnails:empty_canteen":1,"minecraft:oak_door":3,"minecraft:furnace":8,"minecraft:oak_trapdoor":2,"minecraft:iron_axe":2,"minecraft:iron_hoe":4,"minecraft:cooked_beef":14,"iceandfire:silver_ingot":14,"minecraft:iron_sword":1,"minecraft:golden_shovel":7,"minecraft:bucket":3,"minecraft:stone_axe":1,"minecraft:air":0,"minecraft:torch":192}},"DataVersion":3465}