{"stats":{"minecraft:picked_up":{"irons_spellbooks:scroll":6,"minecraft:iron_chestplate":43,"minecraft:wheat":10,"minecraft:chainmail_boots":2,"illagerinvasion:platinum_chunk":20,"minecraft:prismarine_shard":10,"minecraft:smithing_table":2,"minecraft:enchanted_book":1,"minecraft:wither_rose":2,"minecraft:turtle_egg":3,"minecraft:potion":21,"rats:rat_paw":1,"born_in_chaos_v1:bloody_gadfly_eye":2,"minecraft:brewing_stand":1,"iceandfire:manuscript":13,"minecraft:string":60,"minecraft:raw_copper":76,"minecraft:iron_leggings":5,"minecraft:experience_bottle":22,"minecraft:pufferfish":6,"minecraft:zombie_head":2,"illagerinvasion:platinum_infused_hatchet":2,"irons_spellbooks:arcane_essence":141,"minecraft:deepslate_tiles":4,"minecraft:gold_nugget":733,"minecraft:cobbled_deepslate":31,"bosses_of_mass_destruction:soul_star":1,"minecraft:bucket":5,"minecraft:spruce_planks":268,"minecraft:rose_bush":2,"minecraft:wooden_shovel":3,"minecraft:iron_pickaxe":35,"irons_spellbooks:blank_rune":1,"irons_spellbooks:inscription_table":3,"minecraft:iron_boots":23,"minecraft:furnace":14,"minecraft:blue_wool":3,"minecraft:stick":656,"iceandfire:ghost_chest":2,"born_in_chaos_v1:shattered_skull":4,"minecraft:torch":97,"minecraft:porkchop":2,"rats:plague_essence":3,"born_in_chaos_v1:pileof_dark_metal":8,"minecraft:pointed_dripstone":20,"minecraft:diorite":2,"born_in_chaos_v1:nightmare_claw":4,"minecraft:golden_chestplate":3,"enemyexpansion:meathead_helmet":10,"minecraft:goat_horn":7,"minecraft:stone_sword":1,"minecraft:rotten_flesh":462,"minecraft:light_blue_wool":3,"minecraft:white_terracotta":1,"minecraft:deepslate_brick_stairs":1,"minecraft:obsidian":9,"irons_spellbooks:copper_spell_book":13,"minecraft:cobblestone":1913,"minecraft:nautilus_shell":1,"minecraft:magma_block":1,"minecraft:leather_chestplate":4,"minecraft:feather":6,"minecraft:cooked_beef":7,"farmersdelight:rice":4,"minecraft:water_bucket":12,"minecraft:andesite":29,"minecraft:potato":48,"minecraft:flint":1,"minecraft:wither_skeleton_skull":4,"rats:raw_rat":4,"minecraft:lapis_lazuli":4,"minecraft:dirt":991,"minecraft:name_tag":3,"born_in_chaos_v1:marigolds":34,"minecraft:leather_boots":5,"minecraft:bone":215,"minecraft:bow":12,"minecraft:wheat_seeds":55,"minecraft:raw_gold":10,"minecraft:powered_rail":2,"minecraft:oak_planks":64,"minecraft:stone_hoe":1,"toughasnails:purified_water_canteen":15,"spartanshields:iron_tower_shield":13,"irons_spellbooks:fireward_ring":1,"minecraft:cooked_porkchop":7,"minecraft:music_disc_13":2,"irons_spellbooks:legendary_ink":1,"minecraft:poisonous_potato":4,"minecraft:sand":20,"minecraft:stripped_spruce_log":3,"minecraft:ink_sac":3,"minecraft:grass_block":44,"minecraft:dark_oak_log":26,"alexsmobs:animal_dictionary":1,"minecraft:iron_hoe":6,"immersive_armors:warrior_helmet":1,"minecraft:spruce_fence_gate":9,"toughasnails:water_canteen":6,"toughasnails:water_purifier":6,"minecraft:yellow_carpet":2,"minecraft:diamond":10,"minecraft:spruce_boat":1,"minecraft:crossbow":2,"minecraft:granite":14,"minecraft:bone_meal":124,"minecraft:golden_apple":1,"minecraft:spruce_sign":13,"minecraft:chainmail_helmet":9,"minecraft:emerald":219,"minecraft:bread":807,"minecraft:rooted_dirt":1,"alexsmobs:maggot":7,"born_in_chaos_v1:rotten_fish":2,"minecraft:oak_sapling":18,"minecraft:bricks":2,"iceandfire:raw_silver":9,"minecraft:charcoal":43,"minecraft:crafting_table":4,"born_in_chaos_v1:river_mint":69,"minecraft:ladder":16,"minecraft:clay_ball":18,"born_in_chaos_v1:seedof_chaos":8,"minecraft:leather_leggings":4,"minecraft:wooden_pickaxe":3,"minecraft:diamond_horse_armor":2,"minecraft:chain":3,"born_in_chaos_v1:fired_black_argillite":10,"minecraft:fire_coral":8,"minecraft:oak_trapdoor":2,"minecraft:red_bed":4,"minecraft:iron_axe":56,"minecraft:iron_shovel":9,"iceandfire:graveyard_soil":4,"minecraft:cracked_stone_bricks":5,"minecraft:music_disc_otherside":1,"minecraft:beef":16,"minecraft:oak_boat":1,"born_in_chaos_v1:gnawed_bones":3,"minecraft:cyan_wool":2,"minecraft:iron_nugget":4,"minecraft:light_gray_wool":1,"minecraft:spruce_slab":9,"minecraft:sugar_cane":22,"minecraft:chest":12,"minecraft:egg":10,"minecraft:raw_iron":52,"iceandfire:dragonbone":66,"minecraft:oak_door":3,"minecraft:copper_ingot":9,"minecraft:spruce_fence":5,"born_in_chaos_v1:pieceofdarkmetal":33,"minecraft:carrot":76,"spartanshields:stone_basic_shield":11,"minecraft:prismarine_crystals":30,"irons_spellbooks:evocation_rune":1,"minecraft:arrow":414,"minecraft:diamond_chestplate":3,"minecraft:decorated_pot":1,"minecraft:shears":2,"minecraft:deepslate_bricks":1,"iceandfire:chared_dirt":2,"minecraft:hay_block":38,"born_in_chaos_v1:spiny_shell":2,"minecraft:gold_ingot":46,"minecraft:mutton":9,"minecraft:white_wool":6,"minecraft:rail":13,"minecraft:stripped_oak_log":6,"iceandfire:silver_axe":3,"born_in_chaos_v1:corpse_maggot":66,"born_in_chaos_v1:black_argillite_column_slab":11,"minecraft:salmon":3,"minecraft:leather":45,"minecraft:birch_planks":20,"minecraft:packed_mud":2,"minecraft:oak_log":18,"minecraft:chainmail_chestplate":6,"toughasnails:purified_water_bottle":2,"iceandfire:ectoplasm":5,"minecraft:yellow_bed":2,"minecraft:gunpowder":24,"minecraft:paper":6,"minecraft:white_banner":4,"immersive_armors:heavy_chestplate":1,"minecraft:apple":1,"minecraft:kelp":3,"minecraft:iron_ingot":241,"minecraft:stone_pickaxe":10,"minecraft:cobweb":10,"minecraft:glass_bottle":7,"minecraft:iron_sword":59,"minecraft:book":47,"minecraft:sculk_catalyst":2,"minecraft:oak_slab":1,"minecraft:emerald_block":20,"minecraft:pumpkin":28,"minecraft:sweet_berries":63,"minecraft:sculk":10,"iceandfire:ash":10,"born_in_chaos_v1:ethereal_spirit":2,"minecraft:dandelion":3,"minecraft:dripstone_block":9,"minecraft:gravel":18,"spartanshields:wooden_tower_shield":6,"born_in_chaos_v1:dark_rod":8,"minecraft:spruce_sapling":499,"minecraft:white_bed":1,"minecraft:spruce_log":2106,"minecraft:spider_eye":9,"minecraft:oak_wood":20,"alexsmobs:raw_catfish":3,"iceandfire:silver_pickaxe":1,"minecraft:campfire":20,"minecraft:stone_axe":8,"minecraft:chainmail_leggings":11,"minecraft:iron_helmet":1,"minecraft:diamond_axe":5,"blocky_siege:ballista_stand":1,"minecraft:gray_wool":25,"born_in_chaos_v1:tombstone_dark_titan_066":5,"minecraft:baked_potato":22,"iceandfire:chared_gravel":1,"minecraft:coal":430},"minecraft:killed_by":{"minecraft:creeper":2,"minecraft:pillager":3,"born_in_chaos_v1:zombie_fisherman":1,"enemyexpansion:huntsman":4,"mutantmonsters:mutant_creeper":1,"minecraft:vindicator":4,"enemyexpansion:sprinter":4,"minecraft:cave_spider":1,"minecraft:zombie":10,"iceandfire:fire_dragon":1,"minecraft:vex":1,"minecraft:player":4,"born_in_chaos_v1:bloody_gadfly":2,"irons_spellbooks:summoned_skeleton":3,"minecraft:spider":1,"minecraft:iron_golem":1,"enemyexpansion:equestrian":7,"minecraft:warden":13,"irons_spellbooks:necromancer":7,"minecraft:skeleton":7,"enemyexpansion:botfly":3,"enemyexpansion:direwolf":4,"illagerinvasion:marauder":2,"born_in_chaos_v1:maggot":4},"minecraft:broken":{"minecraft:iron_shovel":1,"minecraft:wooden_shovel":1,"minecraft:stone_pickaxe":1,"minecraft:stone_axe":3,"toughasnails:water_canteen":3,"minecraft:iron_pickaxe":1,"toughasnails:purified_water_canteen":11},"minecraft:crafted":{"minecraft:oak_planks":96,"minecraft:dark_oak_wood":3,"minecraft:chain":3,"spartanshields:wooden_tower_shield":3,"minecraft:glass":17,"minecraft:bow":3,"minecraft:iron_boots":2,"minecraft:chest":6,"minecraft:oak_fence":3,"minecraft:glass_bottle":12,"minecraft:oak_slab":6,"minecraft:arrow":256,"minecraft:emerald":9,"irons_spellbooks:copper_spell_book":2,"minecraft:crafting_table":4,"minecraft:spruce_planks":576,"spartanshields:iron_tower_shield":2,"minecraft:wooden_pickaxe":2,"minecraft:baked_potato":5,"minecraft:copper_ingot":8,"minecraft:campfire":228,"minecraft:iron_chestplate":3,"minecraft:paper":12,"minecraft:charcoal":8,"toughasnails:water_purifier":1,"minecraft:stick":832,"minecraft:iron_ingot":42,"minecraft:iron_pickaxe":4,"minecraft:stone_sword":1,"spartanshields:wooden_basic_shield":1,"minecraft:spruce_fence_gate":49,"toughasnails:empty_canteen":3,"minecraft:iron_nugget":10,"minecraft:spruce_button":1,"minecraft:furnace":1,"minecraft:bone_meal":177,"minecraft:spruce_fence":21,"minecraft:flint_and_steel":1,"minecraft:iron_axe":2,"minecraft:spruce_wood":705,"minecraft:stone_pickaxe":4,"minecraft:spruce_boat":1,"iceandfire:chain":1,"minecraft:wheat":459,"minecraft:cooked_beef":4,"spartanshields:stone_basic_shield":1,"minecraft:bucket":2,"minecraft:bone":6,"minecraft:stone_axe":5,"minecraft:bread":160,"rats:cooked_rat":1,"minecraft:oak_boat":1,"minecraft:iron_shovel":2,"minecraft:iron_leggings":1,"minecraft:white_bed":1,"irons_spellbooks:inscription_table":1,"minecraft:torch":80,"rats:golden_rat_skull":1},"minecraft:used":{"irons_spellbooks:inscription_table":2,"minecraft:iron_shovel":472,"minecraft:spruce_slab":6,"minecraft:chest":16,"minecraft:white_terracotta":1,"minecraft:iron_sword":578,"minecraft:carrot":14,"minecraft:snowball":9,"minecraft:stripped_spruce_log":1,"minecraft:spruce_boat":1,"minecraft:bow":62,"rats:cooked_rat":1,"minecraft:sweet_berries":15,"minecraft:furnace":3,"minecraft:egg":4,"minecraft:stone_pickaxe":362,"minecraft:oak_planks":3,"minecraft:wooden_pickaxe":20,"minecraft:diamond_axe":32,"toughasnails:water_canteen":89,"minecraft:white_wool":1,"minecraft:glow_berries":6,"minecraft:deepslate_brick_stairs":1,"minecraft:deepslate_tiles":2,"minecraft:dark_oak_log":4,"minecraft:bread":112,"spartanshields:stone_basic_shield":2,"minecraft:gravel":12,"minecraft:andesite":8,"minecraft:oak_boat":2,"minecraft:bone_meal":93,"minecraft:stone_sword":2,"minecraft:flint_and_steel":3,"toughasnails:water_purifier":5,"minecraft:spruce_planks":1,"minecraft:sculk":1,"minecraft:wooden_shovel":59,"minecraft:cooked_chicken":2,"minecraft:oak_door":1,"minecraft:dirt":459,"minecraft:torch":91,"minecraft:brewing_stand":1,"toughasnails:empty_canteen":17,"minecraft:spruce_fence":20,"minecraft:iron_hoe":20,"minecraft:iron_axe":1109,"minecraft:beef":2,"minecraft:cooked_beef":4,"minecraft:cooked_mutton":1,"minecraft:water_bucket":287,"minecraft:glass_bottle":14,"minecraft:baked_potato":5,"minecraft:spruce_fence_gate":50,"spartanshields:iron_tower_shield":9,"minecraft:cracked_stone_bricks":4,"iceandfire:chared_dirt":2,"minecraft:crafting_table":4,"minecraft:red_bed":4,"minecraft:white_bed":2,"minecraft:campfire":230,"minecraft:spruce_log":98,"minecraft:iron_pickaxe":583,"iceandfire:ash":2,"minecraft:spruce_sapling":83,"minecraft:stone_axe":516,"minecraft:porkchop":1,"iceandfire:chared_gravel":1,"toughasnails:purified_water_bottle":10,"minecraft:potion":2,"minecraft:cobblestone":332,"illagerinvasion:platinum_infused_hatchet":1,"minecraft:bucket":289,"toughasnails:purified_water_canteen":84,"minecraft:cooked_porkchop":3,"alexsmobs:animal_dictionary":5,"minecraft:stripped_oak_log":1,"minecraft:gray_wool":24},"minecraft:killed":{"illagerinvasion:archivist":1,"minecraft:cave_spider":2,"born_in_chaos_v1:restless_spirit":1,"born_in_chaos_v1:door_knight_not_despawn":1,"enemyexpansion:equestrian":1,"minecraft:spider":9,"minecraft:skeleton":4,"irons_spellbooks:summoned_skeleton":2,"minecraft:pig":3,"minecraft:zombie_villager":2,"minecraft:salmon":3,"irons_spellbooks:necromancer":1,"minecraft:creeper":1,"rats:rat":4,"minecraft:sheep":6,"minecraft:pillager":1,"enemyexpansion:meature":2,"minecraft:zombie":46,"minecraft:donkey":1,"born_in_chaos_v1:corpse_fly":2,"alexsmobs:fly":5,"minecraft:cow":7,"irons_spellbooks:summoned_zombie":4,"alexsmobs:raccoon":1,"minecraft:vindicator":1,"illagerinvasion:marauder":1,"enemyexpansion:direwolf":7,"born_in_chaos_v1:maggot":28,"minecraft:horse":2,"born_in_chaos_v1:corpse_fish":1,"minecraft:drowned":3,"born_in_chaos_v1:barrel_zombie":4,"enemyexpansion:sprinter":3,"born_in_chaos_v1:decrepit_skeleton":3,"born_in_chaos_v1:bloody_gadfly":2,"alexsmobs:crow":7},"minecraft:mined":{"minecraft:spruce_planks":2,"minecraft:white_bed":1,"minecraft:sculk_vein":6,"minecraft:brewing_stand":1,"minecraft:granite":4,"minecraft:grass_block":416,"minecraft:yellow_carpet":1,"minecraft:deepslate_bricks":1,"minecraft:blue_wool":3,"minecraft:magma_block":6,"minecraft:iron_ore":37,"minecraft:fire":34,"minecraft:pumpkin":4,"minecraft:sculk_shrieker":8,"minecraft:pointed_dripstone":7,"iceandfire:gold_pile":9,"minecraft:dirt_path":2,"minecraft:oak_stairs":1,"minecraft:deepslate_brick_stairs":1,"minecraft:spruce_slab":6,"minecraft:red_bed":4,"minecraft:torch":9,"iceandfire:ghost_chest":3,"minecraft:chest":12,"minecraft:white_stained_glass_pane":3,"born_in_chaos_v1:black_argillite_column_slab":1,"minecraft:cobblestone":22,"minecraft:oak_planks":11,"minecraft:sugar_cane":10,"minecraft:bricks":1,"minecraft:wall_torch":1,"minecraft:white_terracotta":1,"minecraft:cyan_wool":3,"born_in_chaos_v1:tombstone_dark_titan_066":1,"minecraft:wheat":1,"born_in_chaos_v1:fired_black_argillite":2,"born_in_chaos_v1:river_mint":4,"minecraft:wither_rose":1,"minecraft:grass":71,"minecraft:oak_log":18,"minecraft:sand":19,"minecraft:dirt":155,"minecraft:deepslate":4,"minecraft:oak_leaves":24,"minecraft:deepslate_tiles":4,"minecraft:light_blue_wool":5,"iceandfire:silver_ore":4,"minecraft:dark_oak_leaves":1,"minecraft:ladder":2,"minecraft:decorated_pot":1,"iceandfire:chared_dirt":3,"minecraft:spruce_leaves":178,"minecraft:rooted_dirt":1,"minecraft:hay_block":29,"minecraft:packed_mud":2,"minecraft:spruce_sapling":4,"minecraft:furnace":2,"minecraft:andesite":16,"iceandfire:chared_gravel":3,"minecraft:stripped_spruce_log":3,"minecraft:bookshelf":10,"minecraft:vine":1,"minecraft:rail":3,"minecraft:stripped_oak_log":6,"irons_spellbooks:inscription_table":2,"minecraft:stone":530,"minecraft:smithing_table":1,"minecraft:podzol":110,"minecraft:oak_slab":1,"born_in_chaos_v1:marigolds":4,"toughasnails:water_purifier":4,"minecraft:dandelion":1,"minecraft:crafting_table":2,"minecraft:oak_wood":10,"minecraft:sculk_sensor":25,"minecraft:campfire":5,"minecraft:copper_ore":19,"minecraft:tall_grass":33,"minecraft:sculk":36,"minecraft:diorite":2,"minecraft:gray_wool":25,"minecraft:sweet_berry_bush":4,"minecraft:spruce_log":1252,"minecraft:birch_leaves":7,"iceandfire:ash":3,"minecraft:white_wall_banner":2,"minecraft:yellow_bed":2,"minecraft:coal_ore":260,"minecraft:gravel":15,"minecraft:dripstone_block":5,"minecraft:cobweb":30,"minecraft:spruce_fence_gate":2,"minecraft:fern":1},"minecraft:custom":{"minecraft:interact_with_crafting_table":155,"minecraft:open_barrel":69,"minecraft:bell_ring":3,"minecraft:leave_game":18,"minecraft:time_since_death":21248,"minecraft:sprint_one_cm":3464098,"minecraft:damage_blocked_by_shield":850,"minecraft:drop":147,"minecraft:talked_to_villager":37,"minecraft:play_time":1276543,"minecraft:deaths":103,"minecraft:jump":15973,"minecraft:interact_with_brewingstand":1,"minecraft:walk_on_water_one_cm":115698,"minecraft:interact_with_furnace":77,"minecraft:traded_with_villager":21,"minecraft:interact_with_loom":1,"minecraft:sleep_in_bed":86,"minecraft:damage_dealt":27511,"minecraft:player_kills":4,"minecraft:crouch_one_cm":72608,"minecraft:interact_with_anvil":5,"minecraft:mob_kills":179,"minecraft:damage_dealt_resisted":1162,"minecraft:climb_one_cm":76797,"minecraft:walk_one_cm":3307607,"minecraft:sneak_time":22125,"minecraft:walk_under_water_one_cm":71165,"minecraft:boat_one_cm":239005,"minecraft:total_world_time":1276543,"minecraft:interact_with_grindstone":3,"minecraft:time_since_rest":12079,"minecraft:damage_taken":32359,"minecraft:swim_one_cm":149361,"minecraft:fly_one_cm":2587705,"minecraft:open_chest":916,"minecraft:fall_one_cm":349465},"minecraft:dropped":{"minecraft:iron_sword":7,"minecraft:birch_planks":2,"iceandfire:silver_axe":2,"minecraft:glass_bottle":4,"minecraft:diamond":1,"minecraft:decorated_pot":1,"minecraft:leather":6,"born_in_chaos_v1:pieceofdarkmetal":15,"minecraft:dirt":125,"irons_spellbooks:arcane_essence":110,"minecraft:chain":3,"minecraft:gold_nugget":1,"minecraft:bone_meal":1,"iceandfire:ash":1,"minecraft:iron_pickaxe":2,"minecraft:white_wool":1,"minecraft:oak_door":2,"minecraft:stone_axe":1,"minecraft:sugar_cane":1,"minecraft:iron_nugget":1,"minecraft:rotten_flesh":23,"minecraft:oak_planks":31,"minecraft:deepslate_tiles":2,"minecraft:gunpowder":1,"born_in_chaos_v1:corpse_maggot":2,"minecraft:chainmail_boots":2,"minecraft:ladder":2,"iceandfire:silver_pickaxe":1,"minecraft:water_bucket":1,"minecraft:stone_hoe":1,"minecraft:iron_ingot":6,"minecraft:bread":26,"toughasnails:water_canteen":3,"minecraft:oak_slab":1,"spartanshields:iron_tower_shield":2,"minecraft:wheat_seeds":11,"minecraft:dripstone_block":8,"minecraft:poisonous_potato":2,"minecraft:iron_helmet":1,"minecraft:feather":2,"minecraft:cobblestone":23,"born_in_chaos_v1:black_argillite_column_slab":1,"minecraft:granite":1,"minecraft:copper_ingot":7,"minecraft:chainmail_helmet":2,"minecraft:golden_apple":1,"minecraft:stick":9,"minecraft:pufferfish":1,"irons_spellbooks:scroll":2,"minecraft:diorite":2,"minecraft:ink_sac":2,"minecraft:torch":30,"minecraft:rose_bush":1,"minecraft:zombie_head":1,"minecraft:iron_leggings":3,"minecraft:pumpkin":4,"minecraft:iron_axe":4,"minecraft:chainmail_leggings":2,"minecraft:paper":1,"minecraft:dandelion":1,"minecraft:sweet_berries":19,"alexsmobs:maggot":4,"irons_spellbooks:copper_spell_book":2,"minecraft:raw_copper":2,"born_in_chaos_v1:rotten_fish":1,"minecraft:light_gray_wool":1,"minecraft:iron_boots":1,"minecraft:stripped_oak_log":1,"minecraft:deepslate_bricks":1,"minecraft:hay_block":2,"minecraft:diamond_chestplate":3,"minecraft:iron_chestplate":1,"minecraft:andesite":3,"toughasnails:purified_water_bottle":2,"minecraft:fire_coral":4,"minecraft:oak_sapling":12,"minecraft:spruce_log":31,"minecraft:nautilus_shell":1,"minecraft:magma_block":1}},"DataVersion":3465}