{"stats":{"minecraft:picked_up":{"minecraft:seagrass":11,"minecraft:iron_chestplate":15,"minecraft:chainmail_boots":28,"minecraft:anvil":3,"minecraft:prismarine_shard":6,"minecraft:suspicious_stew":1,"minecraft:smithing_table":1,"minecraft:magenta_carpet":13,"minecraft:lead":22,"minecraft:oak_stairs":5,"minecraft:wither_rose":2,"minecraft:enchanted_book":115,"minecraft:polished_deepslate":3,"minecraft:brewing_stand":4,"minecraft:golden_sword":8,"minecraft:dark_oak_pressure_plate":1,"minecraft:amethyst_block":120,"minecraft:dark_oak_trapdoor":5,"minecraft:string":140,"minecraft:music_disc_cat":12,"iceandfire:manuscript":11,"minecraft:soul_soil":173,"minecraft:cooked_salmon":26,"minecraft:red_nether_bricks":1,"minecraft:sculk_shrieker":2,"minecraft:beetroot":2,"illagerinvasion:platinum_infused_hatchet":1,"minecraft:diamond_leggings":27,"minecraft:cobbled_deepslate":1454,"minecraft:gold_nugget":1181,"bosses_of_mass_destruction:soul_star":11,"minecraft:spruce_planks":41,"toughasnails:leaf_boots":12,"minecraft:written_book":3,"irons_spellbooks:blank_rune":46,"minecraft:enchanted_golden_apple":9,"minecraft:coal_block":2,"born_in_chaos_v1:shattered_skull":13,"minecraft:acacia_log":2,"minecraft:golden_axe":10,"minecraft:cherry_log":4,"born_in_chaos_v1:black_argillite_brick_stairs":5,"minecraft:golden_chestplate":26,"minecraft:cauldron":1,"mutantmonsters:mutant_skeleton_pelvis":1,"minecraft:stone_sword":4,"minecraft:tropical_fish":3,"irons_spellbooks:netherite_mage_helmet":2,"iceandfire:fire_dragon_heart":1,"minecraft:carved_pumpkin":2,"minecraft:blaze_rod":6,"minecraft:snowball":12,"minecraft:birch_log":16,"immersive_armors:heavy_helmet":3,"born_in_chaos_v1:staffof_magic_arrows":4,"minecraft:magma_block":42,"minecraft:cooked_beef":50,"minecraft:feather":2,"minecraft:oxidized_copper":2,"minecraft:water_bucket":47,"born_in_chaos_v1:spiritual_dust":33,"spartanshields:iron_basic_shield":22,"minecraft:brown_wool":2,"conjurer_illager:conjurer_hat":3,"alexsmobs:bison_fur":1,"minecraft:flint":52,"minecraft:stripped_spruce_wood":7,"born_in_chaos_v1:black_argillite_button":6,"minecraft:gray_concrete":1,"irons_spellbooks:ruined_book":11,"irons_spellbooks:concentration_amulet":3,"minecraft:lantern":4,"minecraft:disc_fragment_5":65,"born_in_chaos_v1:marigolds":15,"irons_spellbooks:pedestal":2,"minecraft:diamond_helmet":1,"spartanshields:iron_tower_shield":23,"irons_spellbooks:legendary_ink":11,"irons_spellbooks:frostward_ring":2,"iceandfire:dragon_skull_fire":1,"minecraft:ink_sac":6,"mutantmonsters:mutant_skeleton_leggings":8,"immersive_armors:divine_boots":1,"minecraft:dark_oak_log":212,"minecraft:barrel":6,"alexsmobs:animal_dictionary":10,"minecraft:iron_hoe":2,"minecraft:polished_andesite":1,"toughasnails:water_canteen":47,"toughasnails:water_purifier":1,"minecraft:granite":12,"minecraft:bread":427,"minecraft:golden_horse_armor":1,"minecraft:chainmail_helmet":23,"alexsmobs:maggot":8,"born_in_chaos_v1:rotten_fish":9,"minecraft:dark_oak_fence":2,"minecraft:crimson_roots":6,"iceandfire:raw_silver":28,"minecraft:diamond_pickaxe":34,"minecraft:spruce_leaves":228,"minecraft:crafting_table":12,"minecraft:nether_wart":99,"born_in_chaos_v1:seedof_chaos":24,"minecraft:leather_leggings":7,"conjurer_illager:throwing_card":14,"born_in_chaos_v1:fired_black_argillite":2,"immersive_armors:wither_helmet":9,"minecraft:cornflower":7,"minecraft:red_bed":8,"minecraft:flint_and_steel":2,"minecraft:netherite_scrap":5,"minecraft:compass":18,"born_in_chaos_v1:intoxicating_decoction":1,"minecraft:white_carpet":2,"minecraft:iron_shovel":26,"irons_spellbooks:pumpkin_helmet":25,"iceandfire:graveyard_soil":4,"minecraft:cracked_stone_bricks":17,"minecraft:music_disc_otherside":3,"minecraft:beef":81,"born_in_chaos_v1:gnawed_bones":1,"minecraft:iron_nugget":646,"minecraft:poppy":13,"minecraft:spruce_slab":4,"irons_spellbooks:emerald_stoneplate_ring":7,"minecraft:chest":145,"minecraft:diamond_hoe":40,"minecraft:egg":10,"minecraft:stone":2,"minecraft:raw_gold_block":1,"minecraft:spruce_fence":2,"minecraft:fire_charge":19,"born_in_chaos_v1:pieceofdarkmetal":56,"minecraft:carrot":985,"minecraft:redstone":38,"minecraft:prismarine_crystals":24,"irons_spellbooks:alchemist_cauldron":5,"irons_spellbooks:evocation_rune":2,"immersive_armors:wooden_helmet":1,"minecraft:diamond_chestplate":8,"minecraft:decorated_pot":1,"minecraft:deepslate_bricks":9,"minecraft:shears":25,"minecraft:hay_block":234,"minecraft:cracked_deepslate_bricks":1,"rats:cooked_rat":4,"born_in_chaos_v1:spiny_shell":2,"minecraft:gold_ingot":336,"minecraft:totem_of_undying":1,"minecraft:glow_berries":235,"minecraft:mutton":13,"irons_spellbooks:ancient_knowledge_fragment":112,"minecraft:white_wool":141,"minecraft:rail":36,"minecraft:oxeye_daisy":8,"minecraft:stripped_oak_log":17,"born_in_chaos_v1:black_argillite_column_slab":1,"born_in_chaos_v1:monster_flesh":3,"born_in_chaos_v1:pumpkin_staff":10,"irons_spellbooks:netherite_spell_book":10,"irons_spellbooks:silver_ring":1,"minecraft:filled_map":1,"mutantmonsters:mutant_skeleton_chestplate":4,"minecraft:oak_log":110,"minecraft:ancient_debris":90,"toughasnails:purified_water_bottle":1,"rats:rat_pelt":1,"minecraft:golden_boots":5,"mutantmonsters:mutant_skeleton_limb":8,"minecraft:paper":34,"minecraft:white_banner":5,"stalwart_dungeons:spore_bottle":28,"born_in_chaos_v1:soul_cutlass":2,"minecraft:apple":109,"minecraft:stone_bricks":21,"minecraft:kelp":15,"irons_spellbooks:blood_vial":2,"born_in_chaos_v1:smoked_flesh":32,"minecraft:cobweb":77,"minecraft:glass_bottle":62,"minecraft:gray_bed":1,"minecraft:iron_sword":95,"minecraft:dark_oak_stairs":2,"toughasnails:leaf_chestplate":15,"minecraft:smooth_basalt":2,"enemyexpansion:phantom_eye":1,"minecraft:dark_oak_slab":2,"minecraft:sweet_berries":161,"minecraft:sculk":252,"born_in_chaos_v1:orbofthe_summoner":2,"born_in_chaos_v1:ethereal_spirit":16,"minecraft:spyglass":1,"minecraft:gravel":564,"minecraft:spruce_sapling":31,"minecraft:spruce_log":134,"irons_spellbooks:scroll_forge":1,"minecraft:crying_obsidian":12,"minecraft:leather_helmet":6,"irons_spellbooks:poisonward_ring":26,"minecraft:oak_wood":1,"minecraft:purple_bed":2,"minecraft:slime_ball":2,"born_in_chaos_v1:black_argillite_brick_slab":4,"minecraft:stone_axe":10,"iceandfire:silver_sword":8,"minecraft:light_blue_carpet":2,"minecraft:diamond_axe":14,"minecraft:painting":2,"minecraft:gray_wool":186,"minecraft:baked_potato":721,"immersive_armors:wooden_boots":1,"irons_spellbooks:scroll":169,"minecraft:ender_pearl":9,"toughasnails:leaf_leggings":16,"minecraft:wheat":341,"illagerinvasion:platinum_chunk":37,"minecraft:nether_brick_fence":12,"irons_spellbooks:amethyst_resonance_charm":10,"minecraft:sentry_armor_trim_smithing_template":42,"minecraft:potion":46,"minecraft:turtle_egg":1,"minecraft:nether_brick":4,"born_in_chaos_v1:bloody_gadfly_eye":9,"born_in_chaos_v1:holiday_candy":92,"born_in_chaos_v1:black_argillite":1,"minecraft:raw_copper":70,"mutantmonsters:mutant_skeleton_skull":5,"irons_spellbooks:heavy_chain_necklace":19,"minecraft:iron_leggings":50,"minecraft:sticky_piston":5,"minecraft:netherite_ingot":5,"minecraft:experience_bottle":80,"minecraft:oak_sign":2,"alexsmobs:dropbear_claw":24,"irons_spellbooks:fire_ale":8,"irons_spellbooks:arcane_essence":1078,"minecraft:deepslate_tiles":1,"minecraft:bucket":34,"minecraft:rose_bush":2,"minecraft:calcite":2,"minecraft:wooden_shovel":1,"minecraft:iron_pickaxe":53,"minecraft:deepslate_tile_wall":1,"alexsmobs:raccoon_tail":5,"irons_spellbooks:inscription_table":7,"iceandfire:dragonscales_red":55,"minecraft:iron_boots":7,"minecraft:furnace":37,"minecraft:tipped_arrow":36,"minecraft:stick":391,"iceandfire:ghost_chest":1,"minecraft:oak_fence":4,"born_in_chaos_v1:phantom_powder":6,"minecraft:torch":1278,"minecraft:spruce_stairs":4,"conjurer_illager:throwable_ball":9,"minecraft:pointed_dripstone":197,"minecraft:diorite":78,"enemyexpansion:meathead_helmet":2,"minecraft:goat_horn":3,"mutantmonsters:hulk_hammer":1,"minecraft:rotten_flesh":732,"mutantmonsters:mutant_skeleton_shoulder_pad":2,"minecraft:obsidian":7,"minecraft:cod":1,"irons_spellbooks:cooldown_ring":11,"irons_spellbooks:copper_spell_book":71,"minecraft:blaze_powder":4,"minecraft:cobblestone":4017,"minecraft:nautilus_shell":4,"irons_spellbooks:netherite_mage_leggings":3,"minecraft:leather_chestplate":5,"minecraft:lilac":5,"minecraft:magma_cream":21,"minecraft:andesite":162,"minecraft:black_bed":2,"minecraft:golden_leggings":3,"minecraft:potato":906,"toughasnails:leaf_helmet":18,"irons_spellbooks:pumpkin_leggings":12,"minecraft:tuff":49,"minecraft:lapis_lazuli":12,"minecraft:silence_armor_trim_smithing_template":2,"rats:raw_rat":3,"minecraft:dirt":2563,"minecraft:name_tag":48,"born_in_chaos_v1:monster_skin":2,"minecraft:leather_boots":4,"minecraft:glass":2,"minecraft:bone":794,"minecraft:bow":31,"minecraft:wheat_seeds":193,"minecraft:raw_gold":20,"minecraft:mossy_stone_bricks":6,"minecraft:stone_hoe":3,"minecraft:oak_planks":292,"irons_spellbooks:arcane_salvage":2,"toughasnails:purified_water_canteen":7,"irons_spellbooks:fireward_ring":13,"minecraft:cooked_porkchop":24,"irons_spellbooks:frozen_bone":40,"minecraft:music_disc_13":24,"irons_spellbooks:netherite_mage_boots":2,"minecraft:poisonous_potato":12,"minecraft:sand":57,"minecraft:grass_block":2,"immersive_armors:warrior_helmet":6,"minecraft:spruce_fence_gate":1,"minecraft:yellow_carpet":63,"born_in_chaos_v1:fire_dust":52,"minecraft:diamond":124,"irons_spellbooks:divine_pearl":6,"minecraft:soul_lantern":5,"minecraft:polished_blackstone_button":1,"minecraft:crossbow":4,"minecraft:bone_meal":243,"minecraft:grass":1,"minecraft:golden_apple":12,"minecraft:emerald":933,"minecraft:spruce_sign":1,"minecraft:oak_sapling":69,"irons_spellbooks:uncommon_ink":8,"minecraft:netherrack":14334,"minecraft:oak_leaves":77,"minecraft:charcoal":28,"born_in_chaos_v1:diamond_termite_shard":30,"minecraft:azure_bluet":4,"minecraft:ladder":489,"born_in_chaos_v1:river_mint":33,"minecraft:chest_minecart":2,"minecraft:packed_ice":8,"minecraft:brown_mushroom":4,"iceandfire:chain":23,"minecraft:gold_block":26,"mowziesmobs:glowing_jelly":2,"minecraft:diamond_horse_armor":27,"minecraft:chain":17,"minecraft:shield":12,"immersive_armors:warrior_boots":13,"minecraft:oak_trapdoor":4,"minecraft:iron_axe":85,"spartanshields:stone_tower_shield":2,"minecraft:blackstone":2991,"irons_spellbooks:conjurers_talisman":9,"minecraft:candle":70,"minecraft:echo_shard":178,"minecraft:oak_boat":9,"irons_spellbooks:epic_ink":11,"irons_spellbooks:lightning_bottle":5,"minecraft:sugar_cane":225,"minecraft:spruce_trapdoor":3,"minecraft:phantom_membrane":4,"illagerinvasion:lost_candle":4,"minecraft:raw_iron":134,"iceandfire:dragonbone":36,"minecraft:copper_ingot":33,"minecraft:bowl":1,"irons_spellbooks:pumpkin_boots":15,"minecraft:polished_blackstone_bricks":1,"minecraft:cookie":19,"spartanshields:stone_basic_shield":4,"minecraft:dark_oak_planks":243,"irons_spellbooks:mana_ring":9,"toughasnails:empty_canteen":11,"iceandfire:silver_ingot":1,"minecraft:arrow":637,"minecraft:weeping_vines":11,"minecraft:nether_bricks":32,"minecraft:stripped_dark_oak_wood":6,"mutantmonsters:mutant_skeleton_rib":6,"minecraft:pink_tulip":2,"minecraft:saddle":34,"minecraft:ward_armor_trim_smithing_template":12,"minecraft:soul_campfire":9,"minecraft:skeleton_skull":2,"born_in_chaos_v1:fused_bone":7,"iceandfire:silver_axe":28,"born_in_chaos_v1:corpse_maggot":300,"minecraft:basalt":3786,"immersive_armors:heavy_leggings":2,"minecraft:golden_carrot":1,"minecraft:glow_ink_sac":6,"minecraft:salmon":6,"minecraft:leather":71,"minecraft:birch_planks":13,"rats:charged_creeper_chunk":12,"minecraft:chainmail_chestplate":20,"iceandfire:ectoplasm":1,"minecraft:yellow_bed":9,"minecraft:cobblestone_wall":2,"minecraft:gunpowder":68,"minecraft:cobblestone_stairs":6,"minecraft:deepslate_tile_slab":1,"irons_spellbooks:rare_ink":28,"minecraft:cooked_mutton":7,"irons_spellbooks:common_ink":31,"minecraft:red_carpet":49,"immersive_armors:warrior_leggings":12,"minecraft:gray_carpet":4,"irons_spellbooks:netherite_mage_chestplate":5,"minecraft:iron_ingot":180,"irons_spellbooks:pumpkin_chestplate":34,"born_in_chaos_v1:chipped_black_argillite_brick":2,"born_in_chaos_v1:fel_lamp":14,"irons_spellbooks:cinder_essence":48,"minecraft:soul_sand":935,"iceandfire:fire_dragon_flesh":14,"minecraft:book":415,"minecraft:sculk_catalyst":28,"minecraft:oak_slab":3,"minecraft:emerald_block":40,"minecraft:pumpkin":2,"minecraft:chiseled_stone_bricks":1,"born_in_chaos_v1:lifestealer_bone":9,"minecraft:quartz":10,"minecraft:dandelion":33,"minecraft:raw_iron_block":3,"minecraft:dripstone_block":25,"spartanshields:wooden_tower_shield":2,"born_in_chaos_v1:dark_rod":9,"minecraft:amethyst_shard":413,"minecraft:soul_torch":433,"minecraft:white_bed":34,"minecraft:spider_eye":57,"iceandfire:silver_pickaxe":29,"minecraft:pumpkin_seeds":96,"minecraft:sculk_sensor":41,"minecraft:campfire":9,"minecraft:chainmail_leggings":19,"minecraft:iron_helmet":19,"mutantmonsters:mutant_skeleton_boots":9,"minecraft:coal":995},"minecraft:used":{"minecraft:writable_book":1,"minecraft:chest":120,"minecraft:ladder":42,"minecraft:spruce_slab":2,"minecraft:stone":8,"minecraft:poppy":1,"minecraft:rotten_flesh":10,"minecraft:soul_sand":4,"born_in_chaos_v1:soul_cutlass":1,"minecraft:azure_bluet":1,"minecraft:spruce_boat":1,"spartanshields:wooden_tower_shield":3,"minecraft:lava_bucket":9,"minecraft:grass_block":1,"iceandfire:ghost_chest":1,"minecraft:bow":7,"minecraft:sweet_berries":101,"minecraft:furnace":19,"minecraft:oak_sapling":16,"irons_spellbooks:pumpkin_helmet":4,"minecraft:egg":7,"minecraft:potato":118,"minecraft:diorite":1,"minecraft:mossy_stone_bricks":6,"minecraft:blackstone":3,"minecraft:wooden_pickaxe":4,"minecraft:oak_leaves":1,"minecraft:cookie":2,"minecraft:golden_apple":11,"minecraft:sand":8,"minecraft:blast_furnace":1,"illagerinvasion:lost_candle":5,"minecraft:gray_concrete":1,"minecraft:deepslate_tiles":1,"iceandfire:silver_pickaxe":835,"born_in_chaos_v1:monster_flesh":1,"minecraft:lilac":5,"minecraft:soul_lantern":1,"minecraft:wooden_sword":3,"minecraft:smithing_table":2,"minecraft:oak_boat":13,"minecraft:oak_trapdoor":11,"minecraft:stone_sword":100,"iceandfire:silver_sword":79,"toughasnails:leaf_helmet":4,"toughasnails:water_purifier":2,"born_in_chaos_v1:ethereal_spirit":8,"minecraft:cooked_salmon":18,"minecraft:torch":294,"minecraft:netherrack":692,"toughasnails:leaf_boots":5,"minecraft:brewing_stand":1,"minecraft:anvil":1,"immersive_armors:warrior_helmet":1,"minecraft:chainmail_chestplate":3,"minecraft:yellow_carpet":2,"minecraft:oak_fence_gate":2,"born_in_chaos_v1:chipped_black_argillite_brick":2,"minecraft:iron_axe":440,"minecraft:totem_of_undying":1,"minecraft:barrel":1,"minecraft:smooth_basalt":1,"minecraft:basalt":9,"irons_spellbooks:pumpkin_boots":2,"minecraft:beef":1,"minecraft:goat_horn":2,"minecraft:pointed_dripstone":20,"minecraft:cobbled_deepslate":209,"minecraft:cherry_log":4,"minecraft:calcite":1,"minecraft:wheat_seeds":13,"minecraft:water_bucket":371,"mutantmonsters:mutant_skeleton_leggings":1,"minecraft:cauldron":1,"minecraft:spruce_fence_gate":1,"minecraft:deepslate_bricks":2,"minecraft:cracked_stone_bricks":7,"minecraft:polished_blackstone_bricks":1,"born_in_chaos_v1:black_argillite_brick_stairs":2,"minecraft:rail":3,"minecraft:crafting_table":34,"minecraft:oak_slab":3,"minecraft:red_bed":6,"minecraft:sculk_shrieker":2,"minecraft:white_bed":24,"minecraft:campfire":1,"minecraft:spruce_log":12,"minecraft:oak_log":20,"minecraft:oxeye_daisy":1,"minecraft:diamond_pickaxe":1818,"irons_spellbooks:netherite_mage_leggings":2,"minecraft:iron_pickaxe":983,"minecraft:suspicious_stew":1,"minecraft:spruce_trapdoor":3,"toughasnails:leaf_chestplate":2,"minecraft:spruce_sapling":1,"minecraft:chiseled_stone_bricks":1,"minecraft:cobblestone":401,"minecraft:potion":308,"minecraft:purple_bed":1,"minecraft:cooked_porkchop":9,"toughasnails:purified_water_canteen":5,"minecraft:stripped_oak_log":1,"minecraft:dandelion":1,"irons_spellbooks:arcane_anvil":1,"iceandfire:ghost_sword":4,"minecraft:iron_shovel":178,"minecraft:oak_sign":1,"minecraft:diamond_hoe":3033,"irons_spellbooks:pumpkin_chestplate":10,"minecraft:iron_sword":835,"minecraft:nether_wart":1,"minecraft:soul_campfire":2,"minecraft:iron_chestplate":3,"minecraft:spruce_leaves":2,"minecraft:carrot":239,"minecraft:deepslate_tile_slab":1,"minecraft:tuff":14,"minecraft:obsidian":1,"minecraft:milk_bucket":2,"minecraft:lantern":3,"minecraft:iron_helmet":2,"minecraft:crimson_roots":1,"minecraft:stone_bricks":10,"minecraft:golden_sword":5,"minecraft:red_carpet":10,"minecraft:magma_block":1,"spartanshields:iron_basic_shield":112,"rats:cooked_rat":2,"minecraft:hay_block":20,"minecraft:written_book":1,"born_in_chaos_v1:fel_lamp":14,"minecraft:gray_bed":1,"minecraft:stripped_spruce_wood":5,"minecraft:stone_pickaxe":23,"minecraft:gray_carpet":1,"minecraft:oak_planks":43,"minecraft:sugar_cane":8,"minecraft:diamond_axe":77,"minecraft:ender_pearl":1,"irons_spellbooks:netherite_mage_boots":2,"minecraft:chainmail_helmet":2,"toughasnails:water_canteen":727,"minecraft:white_wool":20,"minecraft:mushroom_stew":2,"minecraft:crossbow":1,"minecraft:black_bed":1,"minecraft:dripstone_block":15,"iceandfire:silver_axe":283,"minecraft:shears":286,"minecraft:dark_oak_log":5,"minecraft:bread":144,"spartanshields:stone_basic_shield":30,"minecraft:string":4,"minecraft:gravel":11,"irons_spellbooks:netherite_mage_helmet":1,"minecraft:andesite":4,"minecraft:chainmail_boots":3,"minecraft:cobweb":6,"mutantmonsters:mutant_skeleton_boots":2,"minecraft:chain":1,"minecraft:bone_meal":64,"born_in_chaos_v1:river_mint":3,"minecraft:chest_minecart":1,"minecraft:air":5,"minecraft:experience_bottle":25,"minecraft:tropical_fish":1,"minecraft:rose_bush":1,"minecraft:cracked_deepslate_bricks":1,"minecraft:flint_and_steel":57,"immersive_armors:warrior_leggings":4,"minecraft:spruce_planks":15,"minecraft:sculk":3,"minecraft:stone_hoe":5,"minecraft:dirt":1559,"minecraft:spyglass":4,"minecraft:white_carpet":2,"toughasnails:empty_canteen":82,"minecraft:spruce_stairs":1,"minecraft:cobblestone_wall":26,"immersive_armors:warrior_boots":2,"minecraft:oak_wood":1,"minecraft:golden_chestplate":2,"minecraft:spruce_fence":2,"mowziesmobs:glowing_jelly":2,"minecraft:dark_oak_planks":110,"alexsmobs:maggot":1,"immersive_armors:wither_helmet":1,"minecraft:oak_stairs":5,"minecraft:golden_carrot":1,"minecraft:soul_soil":9,"minecraft:dark_oak_pressure_plate":1,"minecraft:cooked_beef":21,"irons_spellbooks:pedestal":2,"minecraft:pumpkin":2,"irons_spellbooks:pumpkin_leggings":5,"minecraft:iron_leggings":3,"minecraft:cooked_mutton":7,"minecraft:pink_tulip":2,"toughasnails:leaf_leggings":4,"iceandfire:fire_dragon_flesh":1,"minecraft:cobblestone_stairs":2,"irons_spellbooks:netherite_mage_chestplate":4,"minecraft:polished_andesite":1,"minecraft:glass_bottle":322,"minecraft:baked_potato":181,"minecraft:red_nether_bricks":1,"minecraft:birch_boat":1,"minecraft:spruce_sign":1,"spartanshields:iron_tower_shield":40,"minecraft:painting":2,"minecraft:magenta_carpet":1,"irons_spellbooks:alchemist_cauldron":6,"minecraft:apple":32,"irons_spellbooks:scroll_forge":2,"minecraft:stone_axe":101,"minecraft:fishing_rod":5,"minecraft:white_banner":1,"toughasnails:purified_water_bottle":1,"minecraft:bucket":381,"minecraft:yellow_bed":8,"alexsmobs:animal_dictionary":2,"minecraft:gray_wool":169,"minecraft:soul_torch":8,"minecraft:chainmail_leggings":4,"irons_spellbooks:inscription_table":3},"minecraft:killed":{"illagerinvasion:archivist":4,"minecraft:cave_spider":18,"born_in_chaos_v1:mr_pumpkin":14,"rats:demon_rat":1,"born_in_chaos_v1:restless_spirit":7,"born_in_chaos_v1:zombie_lumberjack":2,"born_in_chaos_v1:skeleton_demoman":4,"enemyexpansion:equestrian":24,"born_in_chaos_v1:siamese_skeletonsright":5,"born_in_chaos_v1:baby_skeleton_minion":7,"illagerinvasion:basher":2,"conjurer_illager:conjurer":1,"minecraft:skeleton":71,"minecraft:chicken":1,"born_in_chaos_v1:skeleton_thrasher":2,"alexsmobs:straddler":1,"creeperoverhaul:cave_creeper":2,"alexsmobs:centipede_head":1,"born_in_chaos_v1:supreme_bonescaller_stage_2":1,"irons_spellbooks:archevoker":1,"illagerinvasion:necromancer":1,"minecraft:magma_cube":18,"enemyexpansion:tarantula":1,"minecraft:salmon":1,"born_in_chaos_v1:bone_imp":9,"mutantmonsters:mutant_skeleton":1,"rats:rat":5,"minecraft:pillager":32,"enemyexpansion:meature":8,"minecraft:zombie":155,"born_in_chaos_v1:corpse_fly":34,"enemyexpansion:botfly":40,"born_in_chaos_v1:door_knight":3,"minecraft:cow":31,"minecraft:evoker":1,"alexsmobs:raccoon":9,"minecraft:vindicator":6,"illagerinvasion:marauder":3,"born_in_chaos_v1:skeleton_thrasher_not_despawn":1,"born_in_chaos_v1:firelight":14,"born_in_chaos_v1:pumpkinhead":2,"minecraft:horse":5,"born_in_chaos_v1:barrel_zombie":14,"born_in_chaos_v1:spiritof_chaos":1,"born_in_chaos_v1:bone_imp_minion":10,"minecraft:rabbit":3,"irons_spellbooks:citadel_keeper":7,"enemyexpansion:sprinter":11,"minecraft:wandering_trader":1,"born_in_chaos_v1:decrepit_skeleton":29,"born_in_chaos_v1:bloody_gadfly":11,"mutantmonsters:creeper_minion":1,"iceandfire:ghost":4,"born_in_chaos_v1:dark_vortex":3,"iceandfire:ice_dragon":1,"minecraft:enderman":7,"born_in_chaos_v1:lifestealer_true_form":1,"born_in_chaos_v1:zombie_clown":1,"minecraft:zombified_piglin":40,"minecraft:witch":2,"minecraft:spider":41,"minecraft:bee":2,"illagerinvasion:provoker":3,"irons_spellbooks:summoned_skeleton":3,"minecraft:piglin_brute":1,"minecraft:piglin":5,"born_in_chaos_v1:bonescaller":2,"minecraft:pig":7,"born_in_chaos_v1:diamond_termite":27,"minecraft:zombie_villager":7,"irons_spellbooks:necromancer":6,"illagerinvasion:alchemist":2,"minecraft:creeper":26,"minecraft:sheep":6,"mowziesmobs:lantern":1,"minecraft:trader_llama":2,"born_in_chaos_v1:zombie_fisherman":1,"born_in_chaos_v1:dread_hound":3,"minecraft:stray":2,"minecraft:ghast":5,"alexsmobs:fly":6,"born_in_chaos_v1:siamese_skeletonsleft":7,"minecraft:blaze":4,"alexsmobs:dropbear":2,"minecraft:vex":5,"irons_spellbooks:summoned_zombie":14,"enemyexpansion:direwolf":31,"born_in_chaos_v1:maggot":52,"minecraft:phantom":10,"alexsmobs:blue_jay":3,"alexsmobs:bison":1,"born_in_chaos_v1:corpse_fish":8,"born_in_chaos_v1:felsteed":1,"born_in_chaos_v1:baby_skeleton":16,"born_in_chaos_v1:swarmer":1,"minecraft:bat":1,"born_in_chaos_v1:phantom_creeper_copy":2,"enemyexpansion:huntsman":4,"alexsmobs:crow":5,"mutantmonsters:mutant_zombie":1,"minecraft:wither_skeleton":3,"enemyexpansion:slugger":9},"minecraft:crafted":{"mutantmonsters:mutant_skeleton_leggings":1,"immersive_armors:warrior_boots":1,"minecraft:smooth_stone":3,"immersive_armors:warrior_helmet":1,"minecraft:birch_boat":1,"minecraft:chain":13,"spartanshields:wooden_tower_shield":2,"minecraft:glass":24,"mutantmonsters:mutant_skeleton_boots":1,"iceandfire:silver_axe":1,"minecraft:glass_bottle":15,"irons_spellbooks:scroll":5,"minecraft:emerald":171,"irons_spellbooks:copper_spell_book":2,"minecraft:soul_campfire":1,"minecraft:smithing_table":1,"minecraft:copper_ingot":2,"minecraft:hay_block":2,"minecraft:campfire":1,"irons_spellbooks:arcane_anvil":1,"irons_spellbooks:pumpkin_helmet":2,"irons_spellbooks:pumpkin_chestplate":2,"immersive_armors:warrior_leggings":1,"minecraft:iron_pickaxe":6,"minecraft:gold_ingot":72,"irons_spellbooks:mana_ring":2,"spartanshields:wooden_basic_shield":3,"minecraft:netherite_ingot":6,"iceandfire:silver_sword":1,"irons_spellbooks:arcane_ingot":8,"minecraft:iron_nugget":27,"minecraft:bone_meal":36,"irons_spellbooks:netherite_mage_leggings":1,"irons_spellbooks:netherite_mage_boots":1,"minecraft:ladder":102,"minecraft:spruce_slab":6,"minecraft:stone_pickaxe":1,"irons_spellbooks:netherite_spell_book":2,"minecraft:spruce_boat":1,"minecraft:dark_oak_planks":292,"iceandfire:chain":5,"minecraft:wheat":216,"irons_spellbooks:netherite_mage_helmet":1,"minecraft:oak_fence_gate":2,"minecraft:iron_shovel":1,"irons_spellbooks:pumpkin_leggings":2,"minecraft:white_bed":7,"iceandfire:silver_pickaxe":3,"minecraft:oak_planks":352,"minecraft:stone":3,"toughasnails:leaf_leggings":5,"irons_spellbooks:alchemist_cauldron":1,"spartanshields:iron_basic_shield":2,"irons_spellbooks:netherite_mage_chestplate":1,"mutantmonsters:mutant_skeleton_arms":1,"minecraft:bow":1,"irons_spellbooks:pumpkin_boots":1,"minecraft:chest":31,"toughasnails:leaf_helmet":12,"mutantmonsters:mutant_skeleton_rib_cage":1,"minecraft:stone_hoe":2,"born_in_chaos_v1:pileof_dark_metal":1,"minecraft:golden_boots":2,"toughasnails:leaf_boots":11,"minecraft:cauldron":1,"minecraft:crafting_table":27,"minecraft:spruce_planks":88,"spartanshields:iron_tower_shield":1,"minecraft:wooden_pickaxe":1,"minecraft:iron_helmet":1,"minecraft:baked_potato":221,"irons_spellbooks:furled_map":1,"minecraft:birch_planks":52,"minecraft:iron_chestplate":1,"minecraft:paper":24,"minecraft:diamond_pickaxe":2,"minecraft:charcoal":1,"toughasnails:water_purifier":1,"minecraft:stick":511,"minecraft:iron_ingot":45,"minecraft:stone_sword":1,"irons_spellbooks:amethyst_resonance_charm":2,"irons_spellbooks:magic_cloth":52,"minecraft:shears":7,"toughasnails:empty_canteen":4,"minecraft:wooden_sword":1,"minecraft:raw_iron":27,"minecraft:coal":18,"irons_spellbooks:eldritch_manuscript":6,"minecraft:fishing_rod":1,"minecraft:furnace":19,"minecraft:blast_furnace":1,"minecraft:cherry_sapling":1,"minecraft:oak_trapdoor":10,"mutantmonsters:mutant_skeleton_chestplate":1,"irons_spellbooks:scroll_forge":1,"minecraft:leather":1,"minecraft:polished_deepslate":8,"minecraft:iron_axe":1,"minecraft:cobblestone_wall":24,"minecraft:netherite_scrap":24,"irons_spellbooks:cooldown_ring":1,"iceandfire:silver_ingot":16,"minecraft:spruce_sign":3,"toughasnails:leaf_chestplate":5,"irons_spellbooks:arcane_salvage":3,"spartanshields:stone_basic_shield":1,"minecraft:bucket":5,"minecraft:stone_axe":1,"minecraft:bread":83,"minecraft:air":0,"minecraft:oak_boat":5,"minecraft:torch":276},"minecraft:broken":{"toughasnails:leaf_chestplate":1,"mutantmonsters:mutant_skeleton_boots":1,"immersive_armors:warrior_helmet":1,"toughasnails:water_canteen":78,"minecraft:iron_axe":1,"minecraft:iron_pickaxe":1,"toughasnails:purified_water_canteen":1,"toughasnails:leaf_helmet":9,"toughasnails:leaf_boots":8,"iceandfire:silver_pickaxe":1,"immersive_armors:warrior_boots":1,"toughasnails:leaf_leggings":1},"minecraft:mined":{"minecraft:dark_oak_planks":7,"minecraft:white_bed":15,"irons_spellbooks:armor_pile":12,"minecraft:cherry_log":1,"minecraft:red_nether_bricks":1,"minecraft:carved_pumpkin":2,"minecraft:potted_dead_bush":1,"minecraft:granite":10,"minecraft:deepslate_tile_wall":1,"minecraft:yellow_carpet":2,"minecraft:coal_block":2,"minecraft:deepslate_bricks":6,"minecraft:oxeye_daisy":2,"minecraft:oak_wall_sign":2,"minecraft:nether_wart":43,"minecraft:chiseled_stone_bricks":1,"minecraft:spawner":12,"minecraft:polished_blackstone_bricks":3,"minecraft:magma_block":13,"minecraft:dark_oak_trapdoor":1,"minecraft:barrel":5,"minecraft:sticky_piston":5,"minecraft:fire":389,"minecraft:cobbled_deepslate":32,"minecraft:pumpkin":2,"minecraft:sculk_shrieker":236,"iceandfire:gold_pile":76,"minecraft:cave_vines":2,"minecraft:water_cauldron":1,"minecraft:small_amethyst_bud":1,"minecraft:oak_stairs":5,"illagerinvasion:magic_fire":13,"minecraft:pink_tulip":2,"minecraft:tripwire":2,"irons_spellbooks:pedestal":2,"minecraft:red_bed":6,"minecraft:crimson_nylium":1,"minecraft:soul_fire":27,"minecraft:deepslate_tile_slab":1,"minecraft:torch":5,"born_in_chaos_v1:infected_deepslate_diamond_ore":13,"minecraft:sugar_cane":43,"minecraft:amethyst_block":40,"minecraft:chain":3,"minecraft:wheat":21,"minecraft:lilac":5,"minecraft:black_bed":3,"minecraft:grass":283,"minecraft:smooth_basalt":1,"born_in_chaos_v1:infernal_evil_pumpkin_s":3,"minecraft:deepslate":851,"minecraft:deepslate_tiles":2,"iceandfire:silver_ore":24,"minecraft:dark_oak_log":11,"minecraft:nether_bricks":13,"minecraft:spruce_fence":1,"born_in_chaos_v1:black_argillite":1,"minecraft:crimson_roots":4,"minecraft:red_mushroom":1,"minecraft:andesite":32,"minecraft:potatoes":296,"minecraft:vine":23,"minecraft:rail":1,"irons_spellbooks:inscription_table":4,"minecraft:white_wool":13,"minecraft:smithing_table":1,"minecraft:oak_slab":3,"minecraft:gray_concrete":1,"minecraft:soul_sand":34,"toughasnails:water_purifier":1,"minecraft:dandelion":5,"minecraft:campfire":4,"minecraft:copper_ore":19,"minecraft:tall_grass":116,"minecraft:deepslate_gold_ore":6,"minecraft:cracked_deepslate_bricks":1,"minecraft:diorite":82,"minecraft:purple_bed":1,"minecraft:cobblestone_wall":2,"minecraft:stripped_spruce_wood":6,"minecraft:white_carpet":1,"minecraft:spruce_log":25,"minecraft:gravel":13,"minecraft:dripstone_block":22,"minecraft:cobweb":32,"minecraft:stone_bricks":15,"minecraft:infested_stone":1,"minecraft:fern":1,"minecraft:large_amethyst_bud":1,"minecraft:spruce_planks":27,"minecraft:oak_sapling":2,"minecraft:sculk_vein":216,"minecraft:cobblestone_stairs":6,"minecraft:brewing_stand":1,"minecraft:spruce_trapdoor":3,"minecraft:budding_amethyst":2,"minecraft:grass_block":321,"minecraft:soul_soil":26,"irons_spellbooks:scroll_forge":1,"minecraft:raw_iron_block":3,"minecraft:sculk_catalyst":29,"minecraft:iron_ore":52,"born_in_chaos_v1:black_argillite_brick_stairs":6,"minecraft:anvil":2,"minecraft:azure_bluet":1,"minecraft:dark_oak_stairs":2,"minecraft:pointed_dripstone":86,"minecraft:spruce_slab":6,"minecraft:deepslate_redstone_ore":7,"minecraft:blackstone":22,"irons_spellbooks:alchemist_cauldron":5,"minecraft:soul_lantern":3,"minecraft:calcite":1,"minecraft:poppy":1,"iceandfire:ghost_chest":1,"minecraft:chest":136,"minecraft:nether_quartz_ore":7,"minecraft:cobblestone":98,"minecraft:oak_planks":35,"minecraft:wall_torch":4,"minecraft:seagrass":2,"minecraft:dark_oak_slab":1,"minecraft:birch_log":13,"born_in_chaos_v1:river_mint":6,"minecraft:oak_log":107,"minecraft:dirt":272,"minecraft:sand":29,"structure_gel:dynamic_spawner":5,"minecraft:ancient_debris":24,"minecraft:netherrack":997,"minecraft:oak_leaves":161,"minecraft:emerald_block":7,"minecraft:nether_gold_ore":2,"minecraft:crying_obsidian":4,"minecraft:tuff":53,"minecraft:deepslate_diamond_ore":32,"born_in_chaos_v1:infected_diamond_ore":3,"minecraft:ladder":8,"minecraft:decorated_pot":1,"minecraft:weeping_vines":1,"minecraft:soul_campfire":2,"minecraft:spruce_leaves":157,"minecraft:large_fern":10,"minecraft:hay_block":31,"minecraft:oak_trapdoor":4,"minecraft:furnace":13,"minecraft:carrots":81,"minecraft:raw_gold_block":1,"minecraft:gold_block":8,"minecraft:nether_brick_fence":4,"minecraft:deepslate_iron_ore":15,"minecraft:lantern":2,"minecraft:stripped_oak_log":15,"minecraft:stone":654,"minecraft:podzol":1,"born_in_chaos_v1:marigolds":1,"minecraft:basalt":4,"minecraft:oak_fence":1,"minecraft:crafting_table":8,"minecraft:blackstone_slab":5,"minecraft:rose_bush":1,"minecraft:sculk_sensor":226,"born_in_chaos_v1:chipped_black_argillite_brick":1,"minecraft:sculk":2341,"minecraft:spruce_stairs":4,"minecraft:gray_wool":188,"minecraft:sweet_berry_bush":19,"minecraft:gray_bed":1,"minecraft:yellow_bed":8,"minecraft:coal_ore":107,"minecraft:gray_carpet":1,"minecraft:cracked_stone_bricks":16,"minecraft:polished_andesite":1,"minecraft:mossy_stone_bricks":6},"minecraft:custom":{"minecraft:interact_with_crafting_table":266,"minecraft:open_barrel":259,"minecraft:leave_game":54,"minecraft:time_since_death":26185,"minecraft:damage_blocked_by_shield":9574,"minecraft:play_time":2584075,"minecraft:deaths":210,"minecraft:jump":50664,"minecraft:interact_with_furnace":308,"minecraft:traded_with_villager":7,"minecraft:sleep_in_bed":74,"minecraft:damage_dealt":73363,"minecraft:horse_one_cm":20743976,"minecraft:interact_with_smoker":1,"minecraft:use_cauldron":5,"minecraft:interact_with_smithing_table":1,"minecraft:interact_with_anvil":20,"minecraft:sneak_time":123002,"minecraft:interact_with_lectern":5,"minecraft:interact_with_blast_furnace":5,"minecraft:total_world_time":2584075,"minecraft:time_since_rest":26212,"minecraft:swim_one_cm":280781,"minecraft:fly_one_cm":10818164,"minecraft:open_chest":3538,"minecraft:fish_caught":1,"minecraft:fall_one_cm":2032374,"minecraft:animals_bred":5,"minecraft:sprint_one_cm":6083733,"minecraft:drop":891,"minecraft:talked_to_villager":16,"minecraft:interact_with_brewingstand":2,"minecraft:walk_on_water_one_cm":188112,"minecraft:player_kills":17,"minecraft:crouch_one_cm":450698,"minecraft:mob_kills":1063,"minecraft:fill_cauldron":1,"minecraft:damage_dealt_resisted":8745,"minecraft:climb_one_cm":160708,"minecraft:walk_one_cm":5610111,"minecraft:walk_under_water_one_cm":161603,"minecraft:boat_one_cm":1708263,"spartanshields:shield_bash_hits":2,"minecraft:damage_absorbed":4731,"minecraft:damage_taken":79045,"minecraft:trigger_trapped_chest":2},"minecraft:killed_by":{"minecraft:zombie_villager":2,"minecraft:pillager":25,"enemyexpansion:slugger":1,"enemyexpansion:huntsman":2,"minecraft:vindicator":5,"irons_spellbooks:citadel_keeper":4,"minecraft:zombie":4,"enemyexpansion:invisicreeper":1,"minecraft:vex":3,"born_in_chaos_v1:baby_skeleton_minion":1,"born_in_chaos_v1:restless_spirit":1,"minecraft:stray":1,"alexsmobs:bison":1,"born_in_chaos_v1:bonescaller":3,"minecraft:warden":1,"mutantmonsters:mutant_skeleton":4,"born_in_chaos_v1:dread_hound":1,"born_in_chaos_v1:maggot":1,"minecraft:ghast":2,"mutantmonsters:mutant_zombie":1,"minecraft:zombified_piglin":1,"minecraft:creeper":4,"conjurer_illager:conjurer":2,"minecraft:piglin":3,"minecraft:cave_spider":16,"alexsmobs:dropbear":1,"minecraft:blaze":1,"iceandfire:fire_dragon":1,"minecraft:player":9,"minecraft:spider":4,"enemyexpansion:equestrian":6,"irons_spellbooks:necromancer":3,"minecraft:skeleton":20,"born_in_chaos_v1:corpse_fish":4,"irons_spellbooks:archevoker":23,"born_in_chaos_v1:door_knight":1},"minecraft:dropped":{"minecraft:iron_sword":7,"minecraft:cooked_beef":6,"minecraft:glow_ink_sac":1,"immersive_armors:warrior_helmet":1,"minecraft:glass_bottle":13,"minecraft:diamond":13,"minecraft:cooked_porkchop":5,"minecraft:crossbow":2,"minecraft:glow_berries":2,"minecraft:black_bed":1,"iceandfire:ectoplasm":1,"minecraft:cracked_stone_bricks":8,"minecraft:saddle":3,"born_in_chaos_v1:pieceofdarkmetal":6,"minecraft:rail":9,"minecraft:leather_helmet":1,"minecraft:emerald":5,"minecraft:dirt":103,"minecraft:red_bed":1,"minecraft:grass":1,"born_in_chaos_v1:phantom_powder":6,"minecraft:stripped_dark_oak_wood":4,"minecraft:chain":2,"minecraft:gold_nugget":64,"minecraft:bone_meal":71,"minecraft:phantom_membrane":3,"minecraft:iron_pickaxe":9,"born_in_chaos_v1:fired_black_argillite":2,"minecraft:dark_oak_planks":81,"alexsmobs:raccoon_tail":5,"minecraft:white_wool":4,"minecraft:bone":83,"minecraft:goat_horn":1,"minecraft:sugar_cane":5,"minecraft:ancient_debris":9,"irons_spellbooks:blank_rune":1,"minecraft:iron_nugget":20,"minecraft:golden_chestplate":1,"minecraft:cobbled_deepslate":311,"minecraft:nether_brick":2,"minecraft:obsidian":1,"minecraft:rotten_flesh":99,"minecraft:oak_planks":79,"minecraft:blaze_powder":4,"minecraft:white_bed":2,"enemyexpansion:meathead_helmet":1,"bosses_of_mass_destruction:soul_star":2,"minecraft:leather_boots":1,"minecraft:ladder":5,"minecraft:leather_leggings":1,"minecraft:spruce_slab":1,"minecraft:beef":3,"iceandfire:manuscript":1,"irons_spellbooks:poisonward_ring":1,"minecraft:egg":2,"minecraft:golden_boots":4,"minecraft:iron_ingot":48,"toughasnails:water_canteen":4,"spartanshields:iron_tower_shield":2,"minecraft:wheat_seeds":33,"minecraft:oak_fence":2,"minecraft:iron_helmet":9,"minecraft:feather":1,"minecraft:cobblestone":101,"minecraft:prismarine_crystals":16,"minecraft:book":1,"minecraft:apple":5,"minecraft:granite":6,"born_in_chaos_v1:soul_cutlass":2,"minecraft:chainmail_helmet":4,"minecraft:yellow_carpet":13,"minecraft:coal":12,"minecraft:turtle_egg":1,"minecraft:diamond_horse_armor":1,"minecraft:gray_wool":7,"minecraft:ink_sac":6,"minecraft:rose_bush":1,"minecraft:potion":2,"minecraft:white_banner":3,"toughasnails:leaf_leggings":9,"minecraft:iron_shovel":1,"minecraft:string":28,"minecraft:oxidized_copper":2,"iceandfire:dragon_skull_fire":1,"minecraft:spruce_sapling":15,"toughasnails:empty_canteen":1,"irons_spellbooks:copper_spell_book":7,"minecraft:soul_soil":91,"minecraft:bowl":3,"minecraft:diamond_hoe":4,"born_in_chaos_v1:rotten_fish":4,"minecraft:iron_boots":3,"minecraft:name_tag":1,"minecraft:pumpkin_seeds":53,"minecraft:potato":184,"minecraft:hay_block":24,"minecraft:spruce_planks":14,"minecraft:diamond_pickaxe":2,"minecraft:yellow_bed":1,"minecraft:light_blue_carpet":2,"born_in_chaos_v1:bloody_gadfly_eye":5,"minecraft:spider_eye":16,"minecraft:stone_bricks":7,"minecraft:bow":2,"minecraft:magma_block":2,"minecraft:soul_sand":156,"minecraft:brown_mushroom":1,"minecraft:birch_planks":11,"minecraft:diamond_axe":2,"irons_spellbooks:concentration_amulet":1,"minecraft:oak_log":1,"iceandfire:silver_axe":3,"iceandfire:fire_dragon_flesh":2,"minecraft:leather":3,"alexsmobs:bison_fur":1,"minecraft:cod":1,"iceandfire:graveyard_soil":4,"minecraft:flint":22,"minecraft:music_disc_13":7,"minecraft:spruce_leaves":28,"minecraft:dark_oak_log":21,"minecraft:netherite_scrap":1,"born_in_chaos_v1:monster_skin":1,"minecraft:cornflower":4,"minecraft:crimson_roots":1,"minecraft:seagrass":5,"born_in_chaos_v1:fel_lamp":1,"iceandfire:dragonscales_red":7,"minecraft:birch_log":3,"irons_spellbooks:amethyst_resonance_charm":1,"minecraft:gold_ingot":8,"minecraft:gravel":337,"minecraft:blackstone":402,"spartanshields:stone_basic_shield":1,"born_in_chaos_v1:fire_dust":27,"minecraft:pointed_dripstone":3,"born_in_chaos_v1:ethereal_spirit":3,"minecraft:carrot":3,"minecraft:chainmail_chestplate":4,"minecraft:poppy":10,"born_in_chaos_v1:seedof_chaos":3,"minecraft:gunpowder":18,"irons_spellbooks:conjurers_talisman":2,"born_in_chaos_v1:corpse_maggot":19,"minecraft:chainmail_boots":2,"minecraft:chest":6,"born_in_chaos_v1:diamond_termite_shard":14,"minecraft:basalt":671,"minecraft:arrow":89,"minecraft:quartz":4,"minecraft:written_book":1,"minecraft:oak_leaves":1,"iceandfire:silver_pickaxe":1,"minecraft:netherrack":10463,"born_in_chaos_v1:dark_rod":7,"minecraft:bread":14,"illagerinvasion:platinum_infused_hatchet":1,"minecraft:diamond_leggings":2,"minecraft:poisonous_potato":8,"minecraft:prismarine_shard":2,"born_in_chaos_v1:black_argillite_column_slab":1,"minecraft:tropical_fish":1,"minecraft:acacia_log":2,"irons_spellbooks:ancient_knowledge_fragment":1,"minecraft:stick":85,"irons_spellbooks:scroll":8,"born_in_chaos_v1:pumpkin_staff":4,"illagerinvasion:platinum_chunk":9,"born_in_chaos_v1:river_mint":2,"minecraft:diorite":1,"alexsmobs:dropbear_claw":5,"born_in_chaos_v1:fused_bone":5,"toughasnails:leaf_boots":8,"minecraft:fire_charge":2,"minecraft:iron_leggings":2,"toughasnails:leaf_helmet":7,"minecraft:wither_rose":1,"toughasnails:purified_water_canteen":2,"minecraft:iron_axe":8,"rats:raw_rat":1,"minecraft:bucket":5,"irons_spellbooks:pumpkin_chestplate":1,"iceandfire:dragonbone":12,"minecraft:redstone":17,"minecraft:kelp":9,"alexsmobs:maggot":1,"toughasnails:leaf_chestplate":3,"minecraft:nether_wart":4,"minecraft:raw_copper":21,"minecraft:tuff":19,"minecraft:iron_hoe":2,"born_in_chaos_v1:spiritual_dust":8,"minecraft:deepslate_bricks":7,"immersive_armors:heavy_helmet":3,"minecraft:shield":2,"minecraft:diamond_chestplate":1,"minecraft:iron_chestplate":1,"minecraft:andesite":2,"minecraft:spruce_log":64,"iceandfire:fire_dragon_heart":1,"minecraft:stone_pickaxe":1,"minecraft:raw_gold":2,"minecraft:nautilus_shell":1}},"DataVersion":3465}