{"stats":{"minecraft:killed_by":{"born_in_chaos_v1:supreme_bonescaller":1,"born_in_chaos_v1:bone_imp_minion":3,"minecraft:drowned":1,"enemyexpansion:huntsman":1,"enemyexpansion:sprinter":1,"alexsmobs:crocodile":2,"born_in_chaos_v1:pumpkinhead":2,"born_in_chaos_v1:supreme_bonescaller_stage_2":4,"iceandfire:fire_dragon":5,"minecraft:player":3,"mutantmonsters:mutant_skeleton":1},"minecraft:dropped":{"minecraft:iron_sword":1,"irons_spellbooks:rare_ink":2,"minecraft:baked_potato":28,"iceandfire:silver_axe":2,"minecraft:diamond":1,"irons_spellbooks:fireward_ring":1,"minecraft:crossbow":2,"minecraft:leather":2,"born_in_chaos_v1:monster_skin":1,"minecraft:cornflower":2,"minecraft:crimson_roots":2,"irons_spellbooks:cinder_essence":2,"irons_spellbooks:arcane_essence":8,"minecraft:wooden_sword":1,"minecraft:bone_meal":2,"minecraft:iron_pickaxe":1,"minecraft:rotten_flesh":4,"minecraft:oak_planks":1,"minecraft:carrot":147,"minecraft:chiseled_stone_bricks":2,"minecraft:tipped_arrow":14,"born_in_chaos_v1:corpse_maggot":7,"minecraft:stone_hoe":1,"minecraft:bread":14,"spartanshields:iron_tower_shield":1,"minecraft:wheat_seeds":9,"minecraft:iron_helmet":1,"born_in_chaos_v1:holiday_candy":46,"minecraft:feather":1,"minecraft:cobblestone":2,"born_in_chaos_v1:soul_cutlass":1,"minecraft:stick":2,"minecraft:cobweb":1,"illagerinvasion:platinum_chunk":1,"minecraft:wooden_axe":1,"minecraft:rose_bush":1,"minecraft:potion":1,"minecraft:iron_leggings":1,"toughasnails:purified_water_canteen":1,"irons_spellbooks:common_ink":2,"minecraft:iron_axe":1,"minecraft:iron_shovel":1,"minecraft:string":1,"minecraft:oxidized_copper":2,"minecraft:dandelion":1,"toughasnails:empty_canteen":1,"irons_spellbooks:copper_spell_book":2,"irons_spellbooks:uncommon_ink":1,"minecraft:experience_bottle":2,"born_in_chaos_v1:rotten_fish":2,"minecraft:iron_boots":1,"minecraft:potato":432,"minecraft:diamond_chestplate":2,"minecraft:diamond_pickaxe":2,"minecraft:iron_chestplate":1,"minecraft:mossy_stone_bricks":2,"toughasnails:purified_water_bottle":1,"born_in_chaos_v1:bloody_gadfly_eye":1,"minecraft:spider_eye":1,"minecraft:stone_bricks":1},"minecraft:killed":{"born_in_chaos_v1:mr_pumpkin":21,"born_in_chaos_v1:zombie_lumberjack":2,"born_in_chaos_v1:sir_the_headless":1,"minecraft:spider":9,"enemyexpansion:equestrian":6,"born_in_chaos_v1:siamese_skeletonsright":1,"born_in_chaos_v1:baby_skeleton_minion":7,"creeperoverhaul:dripstone_creeper":1,"minecraft:skeleton":7,"irons_spellbooks:spectral_steed":6,"born_in_chaos_v1:bonescaller":3,"minecraft:pig":4,"minecraft:zombie_villager":1,"minecraft:salmon":1,"minecraft:creeper":4,"minecraft:sheep":1,"born_in_chaos_v1:zombie_fisherman":5,"minecraft:pillager":6,"enemyexpansion:meature":2,"minecraft:zombie":23,"born_in_chaos_v1:dread_hound":2,"alexsmobs:terrapin":2,"born_in_chaos_v1:corpse_fly":10,"enemyexpansion:botfly":7,"born_in_chaos_v1:siamese_skeletonsleft":1,"irons_spellbooks:summoned_zombie":3,"alexsmobs:raccoon":3,"minecraft:vindicator":2,"enemyexpansion:direwolf":7,"born_in_chaos_v1:zombie_bruiser":1,"born_in_chaos_v1:maggot":17,"born_in_chaos_v1:pumpkinhead":1,"born_in_chaos_v1:corpse_fish":6,"alexsmobs:bison":2,"minecraft:drowned":4,"born_in_chaos_v1:mr_pumpkin_controlled":4,"born_in_chaos_v1:siamese_skeletons":1,"born_in_chaos_v1:felsteed":2,"born_in_chaos_v1:bone_imp_minion":7,"born_in_chaos_v1:baby_skeleton":1,"born_in_chaos_v1:swarmer":1,"minecraft:rabbit":2,"enemyexpansion:sprinter":6,"born_in_chaos_v1:decrepit_skeleton":9,"alexsmobs:catfish":1,"alexsmobs:crocodile":1,"enemyexpansion:huntsman":2,"alexsmobs:crow":6,"minecraft:enderman":1,"enemyexpansion:slugger":1},"minecraft:used":{"minecraft:iron_shovel":93,"minecraft:dispenser":3,"minecraft:chest":10,"minecraft:decorated_pot":3,"minecraft:shield":8,"minecraft:iron_sword":153,"minecraft:carrot":188,"born_in_chaos_v1:soul_cutlass":3,"minecraft:obsidian":10,"spartanshields:wooden_tower_shield":6,"minecraft:lantern":1,"minecraft:iron_helmet":1,"minecraft:bow":502,"minecraft:oak_sapling":81,"minecraft:furnace":7,"minecraft:egg":1,"minecraft:potato":479,"minecraft:diamond_boots":4,"minecraft:stone_pickaxe":529,"minecraft:oak_planks":202,"minecraft:wooden_pickaxe":5,"minecraft:sugar_cane":47,"minecraft:diamond_axe":275,"toughasnails:water_canteen":137,"minecraft:golden_apple":1,"minecraft:blast_furnace":1,"illagerinvasion:lost_candle":3,"minecraft:crossbow":23,"conjurer_illager:throwing_card":4,"born_in_chaos_v1:holiday_candy":10,"spartanshields:stone_tower_shield":8,"minecraft:shears":69,"blocky_siege:ballista_stand":2,"minecraft:birch_fence_gate":2,"born_in_chaos_v1:pumpkin_staff":3,"minecraft:bread":34,"minecraft:lectern":14,"minecraft:gravel":21,"minecraft:diamond_sword":210,"minecraft:wooden_sword":13,"minecraft:cobweb":1,"minecraft:air":1,"minecraft:oak_boat":5,"minecraft:bone_meal":40,"minecraft:experience_bottle":1,"minecraft:oak_fence":3,"minecraft:enchanting_table":1,"toughasnails:water_purifier":1,"minecraft:flint_and_steel":4,"minecraft:carved_pumpkin":2,"minecraft:spruce_planks":7,"minecraft:stone_hoe":239,"minecraft:oak_door":1,"minecraft:torch":3,"minecraft:dirt":53,"toughasnails:empty_canteen":45,"minecraft:diamond_helmet":4,"minecraft:dark_oak_planks":4,"minecraft:wooden_axe":2,"minecraft:bookshelf":20,"minecraft:iron_block":2,"minecraft:iron_axe":1142,"minecraft:iron_boots":1,"minecraft:diamond_chestplate":7,"minecraft:goat_horn":29,"minecraft:cooked_beef":15,"minecraft:cobbled_deepslate":26,"minecraft:pumpkin":1,"minecraft:wheat_seeds":18,"minecraft:water_bucket":57,"minecraft:birch_planks":9,"minecraft:glass_bottle":56,"minecraft:baked_potato":158,"minecraft:birch_boat":3,"minecraft:fletching_table":17,"minecraft:crafting_table":8,"minecraft:oak_slab":70,"minecraft:red_bed":11,"toughasnails:rain_collector":1,"minecraft:white_bed":1,"minecraft:spruce_log":4,"minecraft:oak_log":1,"minecraft:flower_pot":2,"minecraft:diamond_pickaxe":717,"minecraft:diamond_shovel":4,"minecraft:iron_pickaxe":220,"minecraft:spruce_trapdoor":4,"minecraft:spruce_sapling":22,"minecraft:stone_axe":15,"irons_spellbooks:scroll_forge":1,"minecraft:fishing_rod":14,"minecraft:cobblestone":66,"minecraft:potion":13,"minecraft:purple_bed":1,"toughasnails:purified_water_bottle":44,"minecraft:porkchop":3,"minecraft:cooked_porkchop":2,"minecraft:bucket":57,"toughasnails:purified_water_canteen":165,"alexsmobs:animal_dictionary":1,"minecraft:wither_rose":3,"minecraft:diamond_leggings":6,"irons_spellbooks:inscription_table":1,"minecraft:chainmail_leggings":2},"minecraft:picked_up":{"minecraft:wooden_axe":1,"irons_spellbooks:scroll":3,"minecraft:iron_chestplate":1,"minecraft:wheat":24,"illagerinvasion:platinum_chunk":2,"minecraft:flower_pot":4,"minecraft:magenta_carpet":4,"minecraft:diamond_sword":11,"minecraft:oak_stairs":2,"minecraft:wither_rose":4,"born_in_chaos_v1:bloody_gadfly_eye":1,"minecraft:brewing_stand":1,"born_in_chaos_v1:holiday_candy":138,"minecraft:string":15,"minecraft:raw_copper":5,"minecraft:iron_leggings":5,"minecraft:experience_bottle":2,"minecraft:oak_sign":3,"minecraft:diamond_leggings":12,"minecraft:cobbled_deepslate":494,"minecraft:bucket":5,"minecraft:spruce_planks":33,"minecraft:rose_bush":1,"minecraft:iron_pickaxe":1,"alexsmobs:raccoon_tail":3,"born_in_chaos_v1:smoldering_scorched_log":8,"irons_spellbooks:inscription_table":1,"minecraft:iron_boots":7,"minecraft:furnace":7,"minecraft:stick":309,"born_in_chaos_v1:shattered_skull":2,"minecraft:oak_fence":9,"minecraft:torch":10,"minecraft:spruce_stairs":34,"born_in_chaos_v1:pileof_dark_metal":1,"minecraft:porkchop":6,"minecraft:cherry_log":1,"minecraft:pointed_dripstone":2,"minecraft:diorite":21,"born_in_chaos_v1:black_argillite_brick_stairs":1,"minecraft:deepslate_tile_stairs":2,"enemyexpansion:meathead_helmet":1,"minecraft:goat_horn":1,"minecraft:rotten_flesh":61,"minecraft:carved_pumpkin":2,"minecraft:white_terracotta":27,"minecraft:deepslate_brick_stairs":3,"minecraft:obsidian":14,"minecraft:iron_bars":8,"irons_spellbooks:copper_spell_book":16,"minecraft:cobblestone":701,"minecraft:birch_log":9,"born_in_chaos_v1:staffof_magic_arrows":1,"minecraft:magma_block":6,"minecraft:leather_chestplate":1,"minecraft:oxidized_copper":6,"minecraft:feather":7,"minecraft:cooked_beef":6,"minecraft:magma_cream":4,"born_in_chaos_v1:spiritual_dust":4,"minecraft:water_bucket":6,"minecraft:andesite":67,"minecraft:smoker":1,"minecraft:potato":1205,"alexsmobs:bison_fur":2,"minecraft:flint":11,"minecraft:tuff":12,"born_in_chaos_v1:black_argillite_button":3,"irons_spellbooks:ruined_book":1,"minecraft:lapis_lazuli":283,"minecraft:dirt":485,"minecraft:lantern":4,"minecraft:polished_granite":4,"minecraft:name_tag":1,"born_in_chaos_v1:monster_skin":5,"minecraft:glass":3,"minecraft:bone":146,"minecraft:bow":18,"minecraft:wheat_seeds":111,"minecraft:raw_gold":6,"minecraft:mossy_stone_bricks":2,"minecraft:fletching_table":5,"minecraft:diamond_helmet":12,"minecraft:oak_planks":361,"minecraft:stone_hoe":3,"toughasnails:purified_water_canteen":7,"spartanshields:iron_tower_shield":1,"irons_spellbooks:fireward_ring":1,"minecraft:cooked_porkchop":3,"minecraft:poisonous_potato":6,"minecraft:birch_fence_gate":2,"minecraft:sand":23,"minecraft:dark_oak_log":22,"alexsmobs:animal_dictionary":1,"minecraft:polished_andesite":17,"minecraft:spruce_fence_gate":2,"minecraft:dispenser":1,"toughasnails:water_canteen":7,"born_in_chaos_v1:fire_dust":3,"minecraft:diamond":136,"minecraft:crossbow":3,"minecraft:granite":7,"minecraft:bone_meal":6,"minecraft:golden_apple":1,"minecraft:spruce_sign":3,"minecraft:emerald":116,"minecraft:bread":46,"alexsmobs:maggot":1,"minecraft:oak_sapling":107,"born_in_chaos_v1:rotten_fish":12,"minecraft:bricks":8,"minecraft:oak_leaves":40,"minecraft:crimson_roots":4,"minecraft:diamond_pickaxe":14,"minecraft:charcoal":22,"minecraft:crafting_table":16,"minecraft:purple_wool":18,"born_in_chaos_v1:river_mint":1,"born_in_chaos_v1:seedof_chaos":11,"minecraft:wooden_pickaxe":3,"conjurer_illager:throwing_card":6,"minecraft:brick":4,"minecraft:shield":10,"minecraft:cornflower":2,"minecraft:red_bed":16,"minecraft:iron_axe":18,"minecraft:wooden_sword":2,"minecraft:flint_and_steel":3,"minecraft:iron_shovel":5,"spartanshields:stone_tower_shield":5,"minecraft:cracked_stone_bricks":2,"minecraft:beef":15,"minecraft:oak_boat":5,"born_in_chaos_v1:gnawed_bones":4,"minecraft:poppy":2,"minecraft:light_gray_wool":1,"minecraft:spruce_slab":2,"minecraft:lectern":36,"minecraft:sugar_cane":70,"minecraft:chest":1,"minecraft:spruce_trapdoor":86,"minecraft:egg":3,"minecraft:raw_iron":71,"minecraft:oak_door":2,"minecraft:spruce_fence":3,"minecraft:cookie":10,"born_in_chaos_v1:pieceofdarkmetal":11,"minecraft:carrot":417,"minecraft:redstone":14,"minecraft:dark_oak_planks":426,"toughasnails:empty_canteen":3,"minecraft:arrow":948,"minecraft:diamond_chestplate":16,"minecraft:beetroot_seeds":4,"minecraft:decorated_pot":5,"minecraft:shears":9,"minecraft:deepslate_bricks":4,"minecraft:diamond_boots":9,"minecraft:hay_block":60,"minecraft:gold_ingot":12,"minecraft:brick_stairs":2,"minecraft:white_wool":1,"born_in_chaos_v1:fused_bone":2,"iceandfire:silver_axe":3,"born_in_chaos_v1:corpse_maggot":19,"born_in_chaos_v1:pumpkin_staff":11,"minecraft:salmon":2,"minecraft:leather":4,"minecraft:birch_planks":11,"minecraft:oak_log":598,"minecraft:chainmail_chestplate":1,"toughasnails:purified_water_bottle":5,"minecraft:golden_boots":1,"minecraft:gunpowder":7,"minecraft:cobblestone_stairs":17,"born_in_chaos_v1:soul_cutlass":4,"minecraft:apple":19,"minecraft:stone_bricks":54,"minecraft:iron_ingot":57,"minecraft:stone_pickaxe":2,"minecraft:cobweb":3,"minecraft:stripped_oak_wood":18,"born_in_chaos_v1:fel_lamp":1,"minecraft:glass_bottle":1,"irons_spellbooks:cinder_essence":2,"minecraft:iron_sword":5,"minecraft:book":191,"minecraft:oak_slab":556,"minecraft:polished_andesite_stairs":2,"minecraft:birch_boat":3,"minecraft:pumpkin":1,"minecraft:sweet_berries":15,"minecraft:chiseled_stone_bricks":2,"born_in_chaos_v1:lifestealer_bone":6,"born_in_chaos_v1:ethereal_spirit":2,"minecraft:dandelion":7,"minecraft:gravel":106,"minecraft:spruce_sapling":22,"minecraft:red_banner":2,"minecraft:white_bed":1,"minecraft:spruce_log":219,"irons_spellbooks:scroll_forge":1,"minecraft:spider_eye":4,"minecraft:spruce_door":1,"irons_spellbooks:poisonward_ring":1,"alexsmobs:raw_catfish":6,"iceandfire:silver_pickaxe":1,"minecraft:pumpkin_seeds":151,"minecraft:slime_ball":2,"minecraft:chainmail_leggings":4,"minecraft:iron_helmet":4,"minecraft:diamond_axe":12,"blocky_siege:ballista_stand":3,"minecraft:baked_potato":379,"minecraft:coal":85},"minecraft:broken":{"minecraft:iron_boots":1,"minecraft:stone_pickaxe":4,"toughasnails:water_canteen":15,"minecraft:stone_hoe":1,"minecraft:iron_axe":3,"toughasnails:purified_water_canteen":31},"minecraft:custom":{"minecraft:interact_with_crafting_table":99,"minecraft:open_barrel":11,"minecraft:leave_game":19,"minecraft:time_since_death":0,"minecraft:sprint_one_cm":1956784,"minecraft:damage_blocked_by_shield":1210,"minecraft:drop":704,"minecraft:talked_to_villager":119,"minecraft:play_time":806147,"minecraft:deaths":31,"minecraft:jump":14126,"minecraft:interact_with_brewingstand":4,"minecraft:walk_on_water_one_cm":172337,"minecraft:enchant_item":4,"minecraft:interact_with_furnace":99,"minecraft:traded_with_villager":244,"minecraft:sleep_in_bed":49,"minecraft:damage_dealt":24367,"minecraft:player_kills":8,"minecraft:crouch_one_cm":45208,"minecraft:interact_with_smoker":1,"minecraft:inspect_dispenser":3,"minecraft:use_cauldron":4,"minecraft:interact_with_anvil":10,"minecraft:mob_kills":227,"minecraft:interact_with_campfire":3,"minecraft:damage_dealt_resisted":3359,"minecraft:climb_one_cm":30042,"minecraft:walk_one_cm":2296932,"minecraft:sneak_time":18936,"minecraft:walk_under_water_one_cm":84574,"minecraft:interact_with_lectern":2,"minecraft:boat_one_cm":319727,"minecraft:interact_with_blast_furnace":11,"minecraft:total_world_time":806147,"spartanshields:shield_bash_hits":2,"minecraft:pot_flower":1,"minecraft:interact_with_grindstone":1,"minecraft:time_since_rest":319,"minecraft:damage_taken":15347,"minecraft:swim_one_cm":167074,"minecraft:fly_one_cm":2693352,"minecraft:open_chest":601,"minecraft:fall_one_cm":320029},"minecraft:crafted":{"minecraft:smooth_stone":3,"minecraft:oak_planks":2316,"minecraft:barrel":1,"minecraft:purple_bed":1,"minecraft:birch_boat":1,"spartanshields:wooden_tower_shield":2,"minecraft:stone":3,"minecraft:diamond_shovel":1,"minecraft:bookshelf":23,"toughasnails:leaf_leggings":1,"born_in_chaos_v1:dark_metal_ingot":2,"minecraft:glass":12,"minecraft:bow":25,"minecraft:diamond_helmet":2,"minecraft:diamond_leggings":1,"minecraft:iron_boots":1,"minecraft:birch_fence_gate":2,"minecraft:tipped_arrow":35,"minecraft:chest":10,"toughasnails:leaf_helmet":1,"minecraft:stone_hoe":3,"born_in_chaos_v1:pileof_dark_metal":1,"minecraft:glass_bottle":6,"minecraft:oak_slab":408,"toughasnails:leaf_boots":1,"minecraft:emerald":204,"minecraft:arrow":704,"irons_spellbooks:copper_spell_book":1,"toughasnails:rain_collector":1,"minecraft:crafting_table":6,"minecraft:spruce_planks":832,"minecraft:iron_helmet":2,"minecraft:wooden_pickaxe":2,"minecraft:baked_potato":252,"minecraft:copper_ingot":2,"minecraft:fletching_table":17,"minecraft:birch_planks":36,"minecraft:dispenser":2,"minecraft:lectern":3,"minecraft:iron_chestplate":2,"minecraft:paper":12,"minecraft:diamond_pickaxe":1,"minecraft:charcoal":9,"toughasnails:water_purifier":1,"minecraft:stick":4788,"minecraft:iron_ingot":65,"minecraft:iron_pickaxe":1,"minecraft:iron_block":2,"minecraft:shears":2,"toughasnails:empty_canteen":1,"minecraft:stone_shovel":1,"minecraft:furnace":1,"minecraft:blast_furnace":1,"minecraft:bone_meal":147,"spartanshields:stone_tower_shield":2,"minecraft:flint_and_steel":1,"minecraft:iron_axe":10,"minecraft:stone_pickaxe":4,"minecraft:diamond_boots":1,"minecraft:dark_oak_planks":76,"minecraft:wheat":117,"minecraft:cooked_beef":15,"minecraft:crossbow":2,"minecraft:diamond_sword":2,"toughasnails:leaf_chestplate":1,"minecraft:enchanting_table":1,"born_in_chaos_v1:bone_heart":2,"minecraft:stone_axe":1,"minecraft:enchanted_book":1,"minecraft:bread":47,"minecraft:air":0,"minecraft:oak_boat":2,"minecraft:flint":30,"minecraft:iron_shovel":1,"minecraft:iron_leggings":1,"minecraft:diamond_chestplate":2},"minecraft:mined":{"minecraft:spruce_planks":34,"minecraft:white_bed":1,"minecraft:oak_sapling":5,"minecraft:cobblestone_stairs":18,"minecraft:brewing_stand":1,"minecraft:obsidian":14,"minecraft:carved_pumpkin":2,"minecraft:spruce_trapdoor":94,"minecraft:granite":6,"minecraft:grass_block":12,"born_in_chaos_v1:dark_metal_deposit":1,"minecraft:deepslate_bricks":3,"minecraft:deepslate_tile_stairs":2,"born_in_chaos_v1:fel_soil_destructible":3,"minecraft:chiseled_stone_bricks":2,"irons_spellbooks:scroll_forge":1,"minecraft:tall_seagrass":2,"minecraft:iron_ore":54,"minecraft:barrel":1,"born_in_chaos_v1:black_argillite_brick_slab":2,"minecraft:fire":77,"minecraft:cobbled_deepslate":2,"born_in_chaos_v1:black_argillite_brick_stairs":12,"minecraft:deepslate_lapis_ore":6,"minecraft:pumpkin":1,"minecraft:fletching_table":4,"minecraft:pointed_dripstone":1,"minecraft:oak_stairs":2,"minecraft:iron_bars":8,"illagerinvasion:magic_fire":2,"minecraft:deepslate_brick_stairs":3,"minecraft:spruce_slab":2,"minecraft:deepslate_redstone_ore":3,"minecraft:magenta_carpet":1,"minecraft:red_bed":10,"minecraft:smoker":1,"minecraft:polished_andesite_stairs":2,"minecraft:oxidized_copper":7,"minecraft:chest":1,"minecraft:white_stained_glass_pane":17,"minecraft:mushroom_stem":6,"minecraft:cobblestone":53,"minecraft:oak_planks":43,"minecraft:sugar_cane":33,"minecraft:bricks":8,"minecraft:wall_torch":2,"minecraft:seagrass":1,"minecraft:white_terracotta":27,"minecraft:chain":1,"minecraft:birch_log":9,"minecraft:wheat":8,"minecraft:stripped_oak_wood":18,"born_in_chaos_v1:black_argillite_brick":10,"minecraft:wither_rose":2,"minecraft:grass":106,"minecraft:oak_log":583,"minecraft:sand":14,"minecraft:dirt":31,"minecraft:dispenser":1,"minecraft:yellow_stained_glass":2,"blocky_siege:ballista_stand":4,"minecraft:deepslate":462,"minecraft:oak_leaves":319,"minecraft:tuff":12,"minecraft:potted_wither_rose":2,"minecraft:deepslate_diamond_ore":72,"minecraft:oak_door":1,"minecraft:chiseled_bookshelf":1,"minecraft:birch_fence_gate":2,"minecraft:spruce_fence":3,"minecraft:decorated_pot":4,"born_in_chaos_v1:black_argillite":1,"minecraft:brick_stairs":2,"minecraft:crimson_roots":2,"minecraft:spruce_leaves":102,"minecraft:hay_block":39,"minecraft:spruce_sapling":1,"minecraft:furnace":7,"minecraft:carrots":88,"minecraft:andesite":44,"minecraft:bookshelf":43,"minecraft:deepslate_iron_ore":8,"minecraft:potatoes":131,"minecraft:stone":348,"minecraft:oak_slab":4,"minecraft:polished_granite":4,"minecraft:oak_fence":9,"minecraft:crafting_table":5,"minecraft:rose_bush":2,"minecraft:campfire":11,"minecraft:lectern":16,"minecraft:copper_ore":1,"minecraft:tall_grass":23,"born_in_chaos_v1:chipped_black_argillite_brick":4,"minecraft:deepslate_gold_ore":6,"minecraft:diorite":15,"minecraft:spruce_stairs":36,"minecraft:purple_wool":18,"minecraft:spruce_log":221,"minecraft:coal_ore":78,"minecraft:flower_pot":1,"minecraft:gravel":105,"minecraft:cobweb":5,"minecraft:polished_andesite":18,"minecraft:spruce_fence_gate":2,"minecraft:stone_bricks":56,"minecraft:mossy_stone_bricks":2,"minecraft:dark_oak_planks":2}},"DataVersion":3465}