{"stats":{"minecraft:killed":{"born_in_chaos_v1:zombie_lumberjack":1,"born_in_chaos_v1:skeleton_demoman":1,"enemyexpansion:equestrian":1,"enemyexpansion:direwolf":3,"born_in_chaos_v1:maggot":4,"minecraft:skeleton":1,"minecraft:pillager":1,"minecraft:zombie":3,"alexsmobs:fly":2,"enemyexpansion:slugger":1},"minecraft:crafted":{"minecraft:wooden_sword":1,"minecraft:glass_bottle":3,"minecraft:oak_planks":96,"minecraft:emerald":18,"minecraft:crafting_table":2,"minecraft:wooden_pickaxe":3,"minecraft:furnace":1,"minecraft:stone_axe":3,"minecraft:bread":35,"minecraft:air":0,"minecraft:glass":3,"minecraft:stick":124,"minecraft:iron_pickaxe":1,"minecraft:stone_pickaxe":3,"spartanshields:wooden_basic_shield":1,"minecraft:torch":204,"minecraft:wheat":90},"minecraft:custom":{"minecraft:interact_with_furnace":5,"minecraft:mob_kills":19,"minecraft:interact_with_crafting_table":23,"minecraft:open_barrel":3,"minecraft:damage_dealt_resisted":150,"minecraft:leave_game":5,"minecraft:time_since_death":5748,"minecraft:climb_one_cm":775,"minecraft:sleep_in_bed":3,"minecraft:time_since_rest":5776,"minecraft:sprint_one_cm":354446,"minecraft:damage_taken":5945,"minecraft:walk_one_cm":311434,"minecraft:drop":4,"minecraft:damage_dealt":3004,"minecraft:swim_one_cm":8263,"minecraft:fly_one_cm":847757,"minecraft:talked_to_villager":4,"minecraft:open_chest":64,"minecraft:play_time":116210,"minecraft:crouch_one_cm":831,"minecraft:deaths":20,"minecraft:sneak_time":406,"minecraft:walk_under_water_one_cm":4181,"minecraft:jump":4037,"minecraft:walk_on_water_one_cm":9201,"minecraft:total_world_time":116210,"minecraft:fall_one_cm":132516},"minecraft:killed_by":{"mutantmonsters:mutant_zombie":1,"minecraft:skeleton":1,"minecraft:creeper":1,"minecraft:zombie":4,"minecraft:enderman":1,"enemyexpansion:slugger":1,"enemyexpansion:equestrian":4,"iceandfire:ghost":1,"born_in_chaos_v1:fallen_chaos_knight":1,"enemyexpansion:huntsman":1,"mutantmonsters:mutant_creeper":2},"minecraft:used":{"minecraft:water_bucket":16,"minecraft:stone_sword":22,"minecraft:glass_bottle":24,"minecraft:stone_pickaxe":62,"minecraft:poppy":2,"minecraft:oak_planks":13,"minecraft:oak_sign":2,"minecraft:chest":4,"minecraft:wooden_pickaxe":20,"minecraft:iron_sword":26,"minecraft:rotten_flesh":1,"minecraft:torch":40,"minecraft:dirt":16,"minecraft:crafting_table":3,"minecraft:red_bed":4,"immersive_armors:divine_boots":3,"minecraft:carrot":5,"minecraft:cornflower":1,"minecraft:bread":21,"minecraft:iron_pickaxe":79,"minecraft:iron_helmet":3,"minecraft:stone_axe":44,"minecraft:wooden_sword":3,"minecraft:cobblestone":2,"minecraft:potion":23,"minecraft:oak_sapling":14,"minecraft:furnace":1,"minecraft:bucket":15,"minecraft:egg":4,"minecraft:dandelion":1},"minecraft:picked_up":{"minecraft:birch_log":2,"minecraft:fishing_rod":7,"born_in_chaos_v1:corpse_maggot":6,"minecraft:charcoal":32,"minecraft:crafting_table":2,"minecraft:wheat":102,"minecraft:azure_bluet":5,"illagerinvasion:platinum_chunk":1,"born_in_chaos_v1:river_mint":1,"minecraft:flower_pot":1,"minecraft:water_bucket":3,"minecraft:wooden_pickaxe":4,"minecraft:potato":5,"minecraft:potion":1,"minecraft:oak_log":35,"minecraft:brick":4,"minecraft:gunpowder":4,"minecraft:cornflower":2,"minecraft:red_bed":4,"minecraft:string":3,"minecraft:dirt":157,"minecraft:paper":9,"minecraft:wooden_sword":1,"minecraft:bone":22,"minecraft:oak_sign":2,"minecraft:bow":2,"minecraft:wheat_seeds":96,"minecraft:iron_ingot":2,"minecraft:stone_pickaxe":1,"minecraft:poppy":8,"minecraft:iron_pickaxe":3,"minecraft:glass_bottle":2,"minecraft:chest":4,"minecraft:sugar_cane":7,"minecraft:iron_sword":3,"minecraft:oak_planks":173,"minecraft:mangrove_log":4,"minecraft:egg":4,"minecraft:raw_iron":4,"minecraft:stick":28,"minecraft:torch":89,"minecraft:dandelion":18,"minecraft:sand":12,"minecraft:pointed_dripstone":2,"minecraft:carrot":5,"immersive_armors:divine_boots":8,"alexsmobs:animal_dictionary":2,"minecraft:stone_sword":5,"minecraft:arrow":6,"minecraft:rotten_flesh":22,"minecraft:stone_axe":10,"minecraft:hay_block":9,"minecraft:iron_helmet":6,"minecraft:bread":50,"minecraft:emerald":1,"alexsmobs:maggot":3,"minecraft:oak_sapling":36,"minecraft:coal":276,"iceandfire:raw_silver":8,"minecraft:cobblestone":116},"minecraft:dropped":{"minecraft:wheat_seeds":1,"minecraft:coal":32,"immersive_armors:divine_boots":1,"born_in_chaos_v1:river_mint":1},"minecraft:broken":{"minecraft:stone_axe":1},"minecraft:mined":{"iceandfire:silver_ore":5,"minecraft:red_bed":4,"minecraft:dandelion":1,"minecraft:torch":5,"minecraft:crafting_table":2,"minecraft:grass_block":13,"minecraft:chest":4,"minecraft:tall_grass":77,"minecraft:oak_planks":4,"minecraft:sugar_cane":2,"minecraft:hay_block":6,"minecraft:iron_ore":4,"minecraft:birch_leaves":2,"born_in_chaos_v1:river_mint":1,"minecraft:grass":196,"minecraft:coal_ore":79,"minecraft:pointed_dripstone":1,"minecraft:oak_log":35,"minecraft:sand":6,"minecraft:dirt":15,"minecraft:cobweb":1,"minecraft:stone":67,"minecraft:oak_leaves":51}},"DataVersion":3465}