{"stats":{"minecraft:killed":{"minecraft:cave_spider":3,"born_in_chaos_v1:zombie_lumberjack":1,"born_in_chaos_v1:skeleton_demoman":1,"enemyexpansion:equestrian":1,"enemyexpansion:direwolf":3,"born_in_chaos_v1:maggot":4,"minecraft:skeleton":1,"rats:rat":1,"minecraft:pillager":1,"minecraft:zombie":5,"alexsmobs:fly":2,"enemyexpansion:slugger":1},"minecraft:custom":{"minecraft:mob_kills":25,"minecraft:interact_with_crafting_table":23,"minecraft:open_barrel":3,"minecraft:damage_dealt_resisted":150,"minecraft:leave_game":5,"minecraft:time_since_death":12333,"minecraft:climb_one_cm":3830,"minecraft:sprint_one_cm":481789,"minecraft:walk_one_cm":397471,"minecraft:drop":9,"minecraft:talked_to_villager":4,"minecraft:play_time":146210,"minecraft:deaths":23,"minecraft:sneak_time":1009,"minecraft:walk_under_water_one_cm":4181,"minecraft:jump":4754,"minecraft:walk_on_water_one_cm":9529,"minecraft:total_world_time":146210,"minecraft:interact_with_furnace":5,"minecraft:sleep_in_bed":3,"minecraft:time_since_rest":12374,"minecraft:damage_taken":6642,"minecraft:damage_dealt":4122,"minecraft:swim_one_cm":8263,"minecraft:fly_one_cm":999007,"minecraft:open_chest":70,"minecraft:crouch_one_cm":2634,"minecraft:fall_one_cm":160091},"minecraft:crafted":{"minecraft:wooden_sword":1,"minecraft:oak_planks":96,"minecraft:furnace":1,"minecraft:glass":3,"minecraft:stone_pickaxe":3,"minecraft:wheat":90,"minecraft:glass_bottle":3,"minecraft:emerald":18,"minecraft:crafting_table":3,"minecraft:wooden_pickaxe":3,"minecraft:birch_planks":4,"minecraft:stone_axe":3,"minecraft:bread":35,"minecraft:air":0,"minecraft:stick":124,"minecraft:iron_pickaxe":1,"spartanshields:wooden_basic_shield":1,"minecraft:torch":204},"minecraft:killed_by":{"mutantmonsters:mutant_zombie":1,"minecraft:creeper":2,"minecraft:enderman":1,"enemyexpansion:slugger":1,"enemyexpansion:equestrian":4,"born_in_chaos_v1:fallen_chaos_knight":1,"enemyexpansion:huntsman":1,"mutantmonsters:mutant_creeper":2,"minecraft:cave_spider":1,"minecraft:skeleton":1,"minecraft:zombie":4,"iceandfire:ghost":1,"born_in_chaos_v1:dread_hound":1},"minecraft:used":{"minecraft:oak_fence":2,"minecraft:stone_sword":22,"minecraft:poppy":2,"minecraft:oak_sign":2,"minecraft:chest":4,"minecraft:iron_sword":76,"minecraft:rotten_flesh":1,"minecraft:torch":123,"minecraft:dirt":16,"minecraft:carrot":5,"minecraft:iron_helmet":3,"minecraft:stone_bricks":1,"minecraft:furnace":1,"minecraft:oak_sapling":14,"minecraft:egg":4,"minecraft:water_bucket":16,"minecraft:glass_bottle":27,"minecraft:stone_pickaxe":62,"minecraft:oak_planks":13,"minecraft:wooden_pickaxe":20,"minecraft:crafting_table":3,"minecraft:red_bed":5,"immersive_armors:divine_boots":3,"minecraft:cornflower":1,"minecraft:bread":25,"minecraft:iron_pickaxe":204,"minecraft:gravel":1,"minecraft:stone_axe":44,"minecraft:wooden_sword":3,"minecraft:cobblestone":27,"minecraft:potion":26,"minecraft:bucket":16,"minecraft:dandelion":1},"minecraft:picked_up":{"minecraft:fishing_rod":7,"minecraft:charcoal":32,"minecraft:crafting_table":5,"minecraft:wheat":102,"minecraft:azure_bluet":7,"illagerinvasion:platinum_chunk":1,"born_in_chaos_v1:river_mint":1,"minecraft:flower_pot":1,"minecraft:wooden_pickaxe":4,"minecraft:potion":1,"minecraft:brick":4,"minecraft:cornflower":2,"minecraft:string":59,"minecraft:red_bed":5,"minecraft:wooden_sword":1,"minecraft:oak_sign":2,"minecraft:cracked_stone_bricks":5,"minecraft:cobbled_deepslate":11,"minecraft:poppy":8,"minecraft:iron_pickaxe":6,"minecraft:sugar_cane":7,"minecraft:chest":4,"minecraft:mangrove_log":10,"minecraft:egg":4,"minecraft:stick":193,"minecraft:raw_iron":81,"minecraft:oak_fence":2,"minecraft:torch":561,"farmersdelight:tomato_seeds":12,"minecraft:pointed_dripstone":78,"minecraft:carrot":5,"minecraft:redstone":13,"minecraft:stone_sword":5,"minecraft:arrow":15,"minecraft:rotten_flesh":37,"minecraft:hay_block":9,"minecraft:cobblestone":280,"minecraft:birch_log":2,"born_in_chaos_v1:corpse_maggot":12,"farmersdelight:rice":10,"minecraft:water_bucket":6,"minecraft:potato":5,"minecraft:oak_log":35,"minecraft:gunpowder":16,"rats:raw_rat":1,"minecraft:lapis_lazuli":16,"minecraft:paper":9,"minecraft:dirt":190,"minecraft:name_tag":2,"minecraft:bone":42,"minecraft:stone_bricks":6,"minecraft:bow":5,"minecraft:wheat_seeds":127,"minecraft:stone_pickaxe":1,"minecraft:iron_ingot":5,"minecraft:mossy_stone_bricks":13,"minecraft:glass_bottle":5,"minecraft:oak_planks":173,"minecraft:iron_sword":6,"minecraft:dandelion":24,"minecraft:dripstone_block":2,"minecraft:gravel":10,"minecraft:sand":12,"immersive_armors:divine_boots":11,"minecraft:spider_eye":3,"alexsmobs:animal_dictionary":2,"minecraft:stone_axe":13,"minecraft:iron_helmet":9,"minecraft:golden_apple":1,"minecraft:emerald":1,"minecraft:bread":69,"alexsmobs:maggot":3,"minecraft:oak_sapling":36,"minecraft:coal":299,"iceandfire:raw_silver":17},"minecraft:dropped":{"minecraft:wheat_seeds":2,"minecraft:coal":32,"minecraft:dirt":11,"born_in_chaos_v1:river_mint":1,"rats:raw_rat":1,"immersive_armors:divine_boots":1,"minecraft:gunpowder":4,"minecraft:bow":1},"minecraft:broken":{"minecraft:stone_axe":1},"minecraft:mined":{"iceandfire:silver_ore":5,"minecraft:grass_block":18,"minecraft:spawner":1,"minecraft:hay_block":6,"minecraft:redstone_ore":3,"minecraft:iron_ore":24,"minecraft:pointed_dripstone":18,"minecraft:deepslate_iron_ore":3,"minecraft:vine":19,"minecraft:stone":104,"minecraft:red_bed":5,"minecraft:dandelion":1,"minecraft:oak_fence":2,"minecraft:crafting_table":2,"minecraft:torch":5,"minecraft:chest":4,"minecraft:tall_grass":79,"minecraft:cobblestone":14,"minecraft:lapis_ore":1,"minecraft:sugar_cane":2,"minecraft:oak_planks":4,"minecraft:wall_torch":1,"minecraft:birch_leaves":2,"born_in_chaos_v1:river_mint":1,"minecraft:grass":201,"minecraft:oak_log":35,"minecraft:coal_ore":80,"minecraft:dripstone_block":2,"minecraft:gravel":12,"minecraft:sand":6,"minecraft:dirt":21,"minecraft:cobweb":27,"minecraft:cracked_stone_bricks":4,"minecraft:stone_bricks":5,"minecraft:mossy_stone_bricks":9,"minecraft:oak_leaves":51,"minecraft:deepslate":6}},"DataVersion":3465}