{"stats":{"minecraft:killed_by":{"minecraft:skeleton":1,"minecraft:creeper":1,"minecraft:zombie":4,"enemyexpansion:equestrian":4,"born_in_chaos_v1:fallen_chaos_knight":1},"minecraft:mined":{"iceandfire:silver_ore":2,"minecraft:red_bed":3,"minecraft:dandelion":1,"minecraft:crafting_table":2,"minecraft:torch":5,"minecraft:grass_block":6,"minecraft:tall_grass":18,"minecraft:hay_block":6,"minecraft:birch_leaves":2,"born_in_chaos_v1:river_mint":1,"minecraft:grass":113,"minecraft:oak_log":19,"minecraft:stone":29,"minecraft:oak_leaves":43},"minecraft:picked_up":{"minecraft:fishing_rod":5,"minecraft:charcoal":24,"born_in_chaos_v1:corpse_maggot":2,"minecraft:crafting_table":2,"minecraft:wheat":90,"illagerinvasion:platinum_chunk":1,"born_in_chaos_v1:river_mint":1,"minecraft:wooden_pickaxe":2,"minecraft:oak_log":19,"minecraft:red_bed":3,"minecraft:dirt":89,"minecraft:wooden_sword":1,"minecraft:bone":4,"minecraft:oak_sign":2,"minecraft:wheat_seeds":47,"minecraft:oak_planks":3,"minecraft:stick":15,"minecraft:torch":17,"minecraft:dandelion":1,"immersive_armors:divine_boots":3,"alexsmobs:animal_dictionary":2,"minecraft:stone_sword":3,"minecraft:rotten_flesh":8,"minecraft:stone_axe":6,"minecraft:iron_helmet":2,"minecraft:hay_block":6,"minecraft:emerald":1,"minecraft:oak_sapling":18,"minecraft:cobblestone":29,"iceandfire:raw_silver":2},"minecraft:killed":{"enemyexpansion:equestrian":1,"enemyexpansion:direwolf":1,"born_in_chaos_v1:maggot":1,"minecraft:pillager":1},"minecraft:custom":{"minecraft:mob_kills":5,"minecraft:interact_with_crafting_table":6,"minecraft:leave_game":3,"minecraft:time_since_death":2319,"minecraft:sleep_in_bed":2,"minecraft:climb_one_cm":769,"minecraft:time_since_rest":2345,"minecraft:sprint_one_cm":125185,"minecraft:damage_taken":3357,"minecraft:walk_one_cm":131814,"minecraft:drop":1,"minecraft:damage_dealt":806,"minecraft:swim_one_cm":503,"minecraft:fly_one_cm":309239,"minecraft:open_chest":16,"minecraft:crouch_one_cm":173,"minecraft:play_time":45009,"minecraft:deaths":12,"minecraft:sneak_time":166,"minecraft:walk_under_water_one_cm":2225,"minecraft:jump":1549,"minecraft:walk_on_water_one_cm":3981,"minecraft:total_world_time":45009,"minecraft:fall_one_cm":59340},"minecraft:dropped":{"born_in_chaos_v1:river_mint":1},"minecraft:used":{"minecraft:stone_sword":5,"minecraft:stone_pickaxe":16,"minecraft:oak_sign":2,"minecraft:wooden_pickaxe":16,"minecraft:rotten_flesh":1,"minecraft:torch":5,"minecraft:dirt":7,"minecraft:crafting_table":3,"minecraft:red_bed":3,"immersive_armors:divine_boots":1,"minecraft:bread":3,"minecraft:iron_helmet":1,"minecraft:stone_axe":20,"minecraft:wooden_sword":3,"minecraft:oak_sapling":6,"minecraft:dandelion":1},"minecraft:crafted":{"minecraft:wooden_sword":1,"minecraft:oak_planks":32,"minecraft:crafting_table":2,"minecraft:wooden_pickaxe":2,"minecraft:stone_axe":2,"minecraft:bread":12,"minecraft:stick":20,"minecraft:stone_pickaxe":2,"spartanshields:wooden_basic_shield":1,"minecraft:wheat":54}},"DataVersion":3465}