{"stats":{"minecraft:killed_by":{"minecraft:zombie":4},"minecraft:mined":{"minecraft:birch_leaves":2,"minecraft:crafting_table":2,"minecraft:grass":4,"minecraft:grass_block":1,"minecraft:oak_log":9,"minecraft:stone":13,"minecraft:oak_leaves":17},"minecraft:picked_up":{"born_in_chaos_v1:corpse_maggot":2,"minecraft:stick":3,"minecraft:crafting_table":2,"illagerinvasion:platinum_chunk":1,"minecraft:wooden_pickaxe":2,"minecraft:oak_log":9,"minecraft:dirt":37,"alexsmobs:animal_dictionary":2,"minecraft:wooden_sword":1,"minecraft:rotten_flesh":8,"minecraft:wheat_seeds":4,"minecraft:emerald":1,"minecraft:oak_planks":3,"minecraft:cobblestone":13},"minecraft:killed":{"minecraft:pillager":1,"born_in_chaos_v1:maggot":1},"minecraft:custom":{"minecraft:time_since_rest":7100,"minecraft:sprint_one_cm":29486,"minecraft:damage_taken":1270,"minecraft:walk_one_cm":18658,"minecraft:mob_kills":3,"minecraft:damage_dealt":396,"minecraft:interact_with_crafting_table":2,"minecraft:fly_one_cm":57571,"minecraft:crouch_one_cm":105,"minecraft:play_time":11535,"minecraft:deaths":4,"minecraft:sneak_time":104,"minecraft:jump":345,"minecraft:leave_game":1,"minecraft:time_since_death":7075,"minecraft:total_world_time":11535,"minecraft:fall_one_cm":12165},"minecraft:used":{"minecraft:stone_pickaxe":5,"minecraft:wooden_pickaxe":9,"minecraft:rotten_flesh":1,"minecraft:stone_axe":12,"minecraft:wooden_sword":3,"minecraft:dirt":1,"minecraft:crafting_table":2},"minecraft:crafted":{"minecraft:wooden_sword":1,"minecraft:oak_planks":16,"minecraft:crafting_table":1,"minecraft:stick":12,"minecraft:wooden_pickaxe":1,"minecraft:stone_pickaxe":1,"minecraft:stone_axe":1}},"DataVersion":3465}