{"stats":{"minecraft:broken":{"minecraft:stone_axe":1},"minecraft:killed_by":{"minecraft:skeleton":1,"minecraft:creeper":1,"minecraft:zombie":4,"minecraft:enderman":1,"enemyexpansion:equestrian":4,"born_in_chaos_v1:fallen_chaos_knight":1,"enemyexpansion:huntsman":1},"minecraft:mined":{"iceandfire:silver_ore":2,"minecraft:red_bed":4,"minecraft:dandelion":1,"minecraft:crafting_table":2,"minecraft:torch":5,"minecraft:grass_block":11,"minecraft:chest":4,"minecraft:tall_grass":41,"minecraft:sugar_cane":2,"minecraft:oak_planks":2,"minecraft:hay_block":6,"minecraft:birch_leaves":2,"born_in_chaos_v1:river_mint":1,"minecraft:grass":169,"minecraft:oak_log":23,"minecraft:coal_ore":36,"minecraft:sand":6,"minecraft:dirt":12,"minecraft:stone":42,"minecraft:oak_leaves":44},"minecraft:picked_up":{"minecraft:fishing_rod":7,"born_in_chaos_v1:corpse_maggot":2,"minecraft:charcoal":32,"minecraft:wheat":102,"minecraft:crafting_table":2,"illagerinvasion:platinum_chunk":1,"born_in_chaos_v1:river_mint":1,"minecraft:flower_pot":1,"minecraft:wooden_pickaxe":4,"minecraft:potato":5,"minecraft:oak_log":23,"minecraft:brick":4,"minecraft:paper":9,"minecraft:dirt":152,"minecraft:red_bed":4,"minecraft:wooden_sword":1,"minecraft:bone":10,"minecraft:oak_sign":2,"minecraft:wheat_seeds":70,"minecraft:stone_pickaxe":1,"minecraft:poppy":4,"minecraft:sugar_cane":7,"minecraft:chest":4,"minecraft:oak_planks":27,"minecraft:egg":1,"minecraft:stick":22,"minecraft:torch":37,"minecraft:dandelion":1,"minecraft:sand":12,"minecraft:carrot":3,"immersive_armors:divine_boots":5,"alexsmobs:animal_dictionary":2,"minecraft:stone_sword":5,"minecraft:arrow":2,"minecraft:rotten_flesh":14,"minecraft:stone_axe":7,"minecraft:iron_helmet":3,"minecraft:hay_block":9,"minecraft:bread":6,"minecraft:emerald":1,"alexsmobs:maggot":3,"minecraft:oak_sapling":31,"minecraft:coal":132,"iceandfire:raw_silver":2,"minecraft:cobblestone":62},"minecraft:killed":{"enemyexpansion:equestrian":1,"enemyexpansion:direwolf":2,"born_in_chaos_v1:maggot":1,"minecraft:pillager":1,"alexsmobs:fly":2,"enemyexpansion:slugger":1},"minecraft:custom":{"minecraft:interact_with_furnace":4,"minecraft:mob_kills":9,"minecraft:interact_with_crafting_table":18,"minecraft:open_barrel":3,"minecraft:leave_game":4,"minecraft:time_since_death":21377,"minecraft:sleep_in_bed":3,"minecraft:climb_one_cm":775,"minecraft:time_since_rest":21400,"minecraft:sprint_one_cm":225191,"minecraft:damage_taken":3991,"minecraft:walk_one_cm":252897,"minecraft:drop":4,"minecraft:damage_dealt":1404,"minecraft:swim_one_cm":7984,"minecraft:talked_to_villager":4,"minecraft:fly_one_cm":546274,"minecraft:open_chest":41,"minecraft:crouch_one_cm":295,"minecraft:play_time":80620,"minecraft:deaths":14,"minecraft:sneak_time":230,"minecraft:walk_under_water_one_cm":4073,"minecraft:jump":2662,"minecraft:walk_on_water_one_cm":7420,"minecraft:total_world_time":80620,"minecraft:fall_one_cm":95547},"minecraft:dropped":{"minecraft:wheat_seeds":1,"minecraft:coal":32,"immersive_armors:divine_boots":1,"born_in_chaos_v1:river_mint":1},"minecraft:used":{"minecraft:water_bucket":1,"minecraft:stone_sword":22,"minecraft:glass_bottle":7,"minecraft:stone_pickaxe":62,"minecraft:oak_planks":2,"minecraft:oak_sign":2,"minecraft:chest":4,"minecraft:wooden_pickaxe":20,"minecraft:rotten_flesh":1,"minecraft:torch":11,"minecraft:dirt":11,"minecraft:crafting_table":3,"minecraft:red_bed":4,"immersive_armors:divine_boots":3,"minecraft:carrot":2,"minecraft:bread":11,"minecraft:iron_helmet":3,"minecraft:wooden_sword":3,"minecraft:stone_axe":28,"minecraft:potion":6,"minecraft:furnace":1,"minecraft:oak_sapling":9,"minecraft:egg":1,"minecraft:dandelion":1},"minecraft:crafted":{"minecraft:glass_bottle":3,"minecraft:wooden_sword":1,"minecraft:oak_planks":48,"minecraft:emerald":18,"minecraft:crafting_table":2,"minecraft:wooden_pickaxe":3,"minecraft:furnace":1,"minecraft:stone_axe":2,"minecraft:bread":18,"minecraft:air":0,"minecraft:glass":3,"minecraft:stick":24,"minecraft:stone_pickaxe":3,"spartanshields:wooden_basic_shield":1,"minecraft:torch":16,"minecraft:wheat":54}},"DataVersion":3465}