{"stats":{"minecraft:killed_by":{"born_in_chaos_v1:fallen_chaos_knight":1,"minecraft:creeper":1,"minecraft:zombie":4},"minecraft:picked_up":{"born_in_chaos_v1:corpse_maggot":2,"minecraft:stick":3,"minecraft:crafting_table":2,"illagerinvasion:platinum_chunk":1,"born_in_chaos_v1:river_mint":1,"minecraft:wooden_pickaxe":2,"minecraft:oak_log":19,"minecraft:red_bed":2,"alexsmobs:animal_dictionary":2,"minecraft:dirt":39,"minecraft:wooden_sword":1,"minecraft:oak_sign":1,"minecraft:rotten_flesh":8,"minecraft:wheat_seeds":9,"minecraft:hay_block":4,"minecraft:emerald":1,"minecraft:oak_sapling":3,"iceandfire:raw_silver":2,"minecraft:oak_planks":3,"minecraft:cobblestone":29},"minecraft:mined":{"minecraft:hay_block":4,"iceandfire:silver_ore":2,"minecraft:red_bed":2,"minecraft:birch_leaves":2,"minecraft:dandelion":1,"born_in_chaos_v1:river_mint":1,"minecraft:crafting_table":2,"minecraft:grass":61,"minecraft:grass_block":3,"minecraft:oak_log":19,"minecraft:tall_grass":10,"minecraft:stone":29,"minecraft:oak_leaves":42},"minecraft:killed":{"minecraft:pillager":1,"enemyexpansion:direwolf":1,"born_in_chaos_v1:maggot":1},"minecraft:custom":{"minecraft:time_since_rest":4843,"minecraft:sprint_one_cm":75735,"minecraft:damage_taken":1835,"minecraft:walk_one_cm":65705,"minecraft:mob_kills":4,"minecraft:drop":1,"minecraft:damage_dealt":546,"minecraft:swim_one_cm":503,"minecraft:interact_with_crafting_table":6,"minecraft:fly_one_cm":192660,"minecraft:open_chest":4,"minecraft:crouch_one_cm":105,"minecraft:play_time":28929,"minecraft:deaths":6,"minecraft:sneak_time":105,"minecraft:walk_under_water_one_cm":2015,"minecraft:jump":969,"minecraft:leave_game":1,"minecraft:walk_on_water_one_cm":3111,"minecraft:time_since_death":4819,"minecraft:climb_one_cm":331,"minecraft:total_world_time":28929,"minecraft:fall_one_cm":35014},"minecraft:used":{"minecraft:bread":3,"minecraft:stone_pickaxe":16,"minecraft:oak_sign":1,"minecraft:wooden_pickaxe":16,"minecraft:rotten_flesh":1,"minecraft:stone_axe":18,"minecraft:wooden_sword":3,"minecraft:dirt":1,"minecraft:crafting_table":3,"minecraft:red_bed":1,"minecraft:oak_sapling":3},"minecraft:dropped":{"born_in_chaos_v1:river_mint":1},"minecraft:crafted":{"minecraft:wooden_sword":1,"minecraft:oak_planks":32,"minecraft:crafting_table":2,"minecraft:stick":20,"minecraft:wooden_pickaxe":2,"minecraft:stone_pickaxe":2,"spartanshields:wooden_basic_shield":1,"minecraft:stone_axe":2,"minecraft:bread":12,"minecraft:wheat":36}},"DataVersion":3465}