{"stats":{"minecraft:broken":{"minecraft:stone_axe":1},"minecraft:killed_by":{"minecraft:skeleton":1,"minecraft:creeper":1,"minecraft:zombie":4,"minecraft:enderman":1,"enemyexpansion:equestrian":4,"born_in_chaos_v1:fallen_chaos_knight":1,"enemyexpansion:huntsman":1},"minecraft:mined":{"iceandfire:silver_ore":2,"minecraft:red_bed":4,"minecraft:dandelion":1,"minecraft:crafting_table":2,"minecraft:torch":5,"minecraft:grass_block":11,"minecraft:tall_grass":36,"minecraft:hay_block":6,"minecraft:birch_leaves":2,"born_in_chaos_v1:river_mint":1,"minecraft:grass":162,"minecraft:coal_ore":36,"minecraft:oak_log":23,"minecraft:sand":6,"minecraft:dirt":10,"minecraft:stone":42,"minecraft:oak_leaves":44},"minecraft:picked_up":{"minecraft:fishing_rod":7,"minecraft:charcoal":32,"born_in_chaos_v1:corpse_maggot":2,"minecraft:crafting_table":2,"minecraft:wheat":90,"illagerinvasion:platinum_chunk":1,"born_in_chaos_v1:river_mint":1,"minecraft:wooden_pickaxe":4,"minecraft:oak_log":23,"minecraft:paper":8,"minecraft:red_bed":4,"minecraft:dirt":150,"minecraft:wooden_sword":1,"minecraft:bone":10,"minecraft:oak_sign":2,"minecraft:wheat_seeds":70,"minecraft:stone_pickaxe":1,"minecraft:oak_planks":25,"minecraft:egg":1,"minecraft:stick":19,"minecraft:torch":37,"minecraft:dandelion":1,"minecraft:sand":12,"immersive_armors:divine_boots":5,"alexsmobs:animal_dictionary":2,"minecraft:stone_sword":5,"minecraft:arrow":2,"minecraft:rotten_flesh":14,"minecraft:stone_axe":7,"minecraft:iron_helmet":3,"minecraft:hay_block":6,"minecraft:bread":5,"minecraft:emerald":1,"alexsmobs:maggot":1,"minecraft:oak_sapling":27,"minecraft:coal":132,"minecraft:cobblestone":62,"iceandfire:raw_silver":2},"minecraft:killed":{"enemyexpansion:equestrian":1,"enemyexpansion:direwolf":2,"born_in_chaos_v1:maggot":1,"minecraft:pillager":1,"alexsmobs:fly":1,"enemyexpansion:slugger":1},"minecraft:custom":{"minecraft:interact_with_furnace":4,"minecraft:mob_kills":8,"minecraft:interact_with_crafting_table":16,"minecraft:leave_game":3,"minecraft:time_since_death":9766,"minecraft:sleep_in_bed":3,"minecraft:climb_one_cm":769,"minecraft:time_since_rest":9789,"minecraft:sprint_one_cm":212358,"minecraft:damage_taken":3841,"minecraft:walk_one_cm":194812,"minecraft:drop":4,"minecraft:damage_dealt":1307,"minecraft:swim_one_cm":2842,"minecraft:talked_to_villager":1,"minecraft:fly_one_cm":525305,"minecraft:open_chest":24,"minecraft:crouch_one_cm":283,"minecraft:play_time":69009,"minecraft:deaths":14,"minecraft:sneak_time":200,"minecraft:walk_under_water_one_cm":2579,"minecraft:jump":2466,"minecraft:walk_on_water_one_cm":4425,"minecraft:total_world_time":69009,"minecraft:fall_one_cm":91725},"minecraft:dropped":{"minecraft:wheat_seeds":1,"minecraft:coal":32,"immersive_armors:divine_boots":1,"born_in_chaos_v1:river_mint":1},"minecraft:used":{"minecraft:stone_sword":18,"minecraft:glass_bottle":3,"minecraft:stone_pickaxe":62,"minecraft:oak_sign":2,"minecraft:wooden_pickaxe":20,"minecraft:rotten_flesh":1,"minecraft:torch":11,"minecraft:dirt":7,"minecraft:crafting_table":3,"minecraft:red_bed":4,"immersive_armors:divine_boots":3,"minecraft:bread":9,"minecraft:iron_helmet":3,"minecraft:stone_axe":28,"minecraft:wooden_sword":3,"minecraft:potion":2,"minecraft:furnace":1,"minecraft:oak_sapling":9,"minecraft:egg":1,"minecraft:dandelion":1},"minecraft:crafted":{"minecraft:glass_bottle":3,"minecraft:wooden_sword":1,"minecraft:oak_planks":48,"minecraft:crafting_table":2,"minecraft:wooden_pickaxe":3,"minecraft:furnace":1,"minecraft:stone_axe":2,"minecraft:air":0,"minecraft:bread":18,"minecraft:glass":3,"minecraft:stick":24,"minecraft:stone_pickaxe":3,"spartanshields:wooden_basic_shield":1,"minecraft:torch":16,"minecraft:wheat":54}},"DataVersion":3465}