{"stats":{"minecraft:killed":{"born_in_chaos_v1:zombie_lumberjack":1,"born_in_chaos_v1:skeleton_demoman":1,"enemyexpansion:equestrian":1,"enemyexpansion:direwolf":2,"born_in_chaos_v1:maggot":4,"minecraft:skeleton":1,"minecraft:pillager":1,"minecraft:zombie":1,"alexsmobs:fly":2,"enemyexpansion:slugger":1},"minecraft:crafted":{"minecraft:wooden_sword":1,"minecraft:glass_bottle":3,"minecraft:oak_planks":96,"minecraft:emerald":18,"minecraft:crafting_table":2,"minecraft:wooden_pickaxe":3,"minecraft:furnace":1,"minecraft:stone_axe":3,"minecraft:bread":35,"minecraft:air":0,"minecraft:glass":3,"minecraft:stick":28,"minecraft:iron_pickaxe":1,"minecraft:stone_pickaxe":3,"spartanshields:wooden_basic_shield":1,"minecraft:torch":32,"minecraft:wheat":90},"minecraft:custom":{"minecraft:interact_with_furnace":5,"minecraft:mob_kills":16,"minecraft:interact_with_crafting_table":23,"minecraft:open_barrel":3,"minecraft:damage_dealt_resisted":150,"minecraft:leave_game":5,"minecraft:time_since_death":11054,"minecraft:climb_one_cm":775,"minecraft:sleep_in_bed":3,"minecraft:time_since_rest":11115,"minecraft:sprint_one_cm":320612,"minecraft:damage_taken":5496,"minecraft:walk_one_cm":286775,"minecraft:drop":4,"minecraft:damage_dealt":2444,"minecraft:swim_one_cm":8263,"minecraft:fly_one_cm":775667,"minecraft:talked_to_villager":4,"minecraft:open_chest":62,"minecraft:play_time":104210,"minecraft:crouch_one_cm":392,"minecraft:deaths":19,"minecraft:sneak_time":296,"minecraft:walk_under_water_one_cm":4128,"minecraft:jump":3643,"minecraft:walk_on_water_one_cm":8848,"minecraft:total_world_time":104210,"minecraft:fall_one_cm":123734},"minecraft:killed_by":{"mutantmonsters:mutant_zombie":1,"minecraft:skeleton":1,"minecraft:creeper":1,"minecraft:zombie":4,"minecraft:enderman":1,"enemyexpansion:equestrian":4,"iceandfire:ghost":1,"born_in_chaos_v1:fallen_chaos_knight":1,"enemyexpansion:huntsman":1,"mutantmonsters:mutant_creeper":2},"minecraft:used":{"minecraft:water_bucket":6,"minecraft:stone_sword":22,"minecraft:glass_bottle":14,"minecraft:stone_pickaxe":62,"minecraft:poppy":2,"minecraft:oak_planks":11,"minecraft:oak_sign":2,"minecraft:chest":4,"minecraft:wooden_pickaxe":20,"minecraft:iron_sword":17,"minecraft:rotten_flesh":1,"minecraft:torch":31,"minecraft:dirt":11,"minecraft:crafting_table":3,"minecraft:red_bed":4,"immersive_armors:divine_boots":3,"minecraft:carrot":3,"minecraft:cornflower":1,"minecraft:bread":15,"minecraft:iron_pickaxe":65,"minecraft:iron_helmet":3,"minecraft:stone_axe":40,"minecraft:wooden_sword":3,"minecraft:potion":13,"minecraft:oak_sapling":14,"minecraft:furnace":1,"minecraft:bucket":6,"minecraft:egg":3,"minecraft:dandelion":1},"minecraft:picked_up":{"minecraft:birch_log":1,"minecraft:fishing_rod":7,"born_in_chaos_v1:corpse_maggot":4,"minecraft:charcoal":32,"minecraft:crafting_table":2,"minecraft:wheat":102,"minecraft:azure_bluet":3,"illagerinvasion:platinum_chunk":1,"born_in_chaos_v1:river_mint":1,"minecraft:flower_pot":1,"minecraft:water_bucket":2,"minecraft:wooden_pickaxe":4,"minecraft:potato":5,"minecraft:oak_log":35,"minecraft:brick":4,"minecraft:gunpowder":2,"minecraft:cornflower":2,"minecraft:red_bed":4,"minecraft:string":2,"minecraft:dirt":152,"minecraft:paper":9,"minecraft:wooden_sword":1,"minecraft:bone":12,"minecraft:oak_sign":2,"minecraft:bow":1,"minecraft:wheat_seeds":86,"minecraft:iron_ingot":1,"minecraft:stone_pickaxe":1,"minecraft:poppy":8,"minecraft:iron_pickaxe":2,"minecraft:glass_bottle":2,"minecraft:chest":4,"minecraft:sugar_cane":7,"minecraft:iron_sword":2,"minecraft:oak_planks":123,"minecraft:mangrove_log":2,"minecraft:egg":3,"minecraft:stick":26,"minecraft:torch":84,"minecraft:dandelion":12,"minecraft:sand":12,"minecraft:pointed_dripstone":1,"minecraft:carrot":5,"immersive_armors:divine_boots":7,"alexsmobs:animal_dictionary":2,"minecraft:stone_sword":5,"minecraft:arrow":2,"minecraft:rotten_flesh":16,"minecraft:stone_axe":9,"minecraft:hay_block":9,"minecraft:iron_helmet":5,"minecraft:bread":40,"minecraft:emerald":1,"alexsmobs:maggot":3,"minecraft:oak_sapling":36,"minecraft:coal":233,"iceandfire:raw_silver":2,"minecraft:cobblestone":94},"minecraft:dropped":{"minecraft:wheat_seeds":1,"minecraft:coal":32,"immersive_armors:divine_boots":1,"born_in_chaos_v1:river_mint":1},"minecraft:broken":{"minecraft:stone_axe":1},"minecraft:mined":{"iceandfire:silver_ore":2,"minecraft:red_bed":4,"minecraft:dandelion":1,"minecraft:torch":5,"minecraft:crafting_table":2,"minecraft:grass_block":11,"minecraft:chest":4,"minecraft:tall_grass":73,"minecraft:oak_planks":2,"minecraft:sugar_cane":2,"minecraft:hay_block":6,"minecraft:birch_leaves":2,"born_in_chaos_v1:river_mint":1,"minecraft:grass":189,"minecraft:coal_ore":79,"minecraft:pointed_dripstone":1,"minecraft:oak_log":35,"minecraft:sand":6,"minecraft:dirt":12,"minecraft:cobweb":1,"minecraft:stone":60,"minecraft:oak_leaves":51}},"DataVersion":3465}