{"stats":{"minecraft:killed_by":{"born_in_chaos_v1:fallen_chaos_knight":1,"minecraft:zombie":4},"minecraft:mined":{"minecraft:birch_leaves":2,"born_in_chaos_v1:river_mint":1,"minecraft:crafting_table":2,"minecraft:grass":15,"minecraft:grass_block":1,"minecraft:oak_log":13,"minecraft:tall_grass":6,"minecraft:stone":13,"minecraft:oak_leaves":23},"minecraft:picked_up":{"born_in_chaos_v1:corpse_maggot":2,"minecraft:stick":3,"minecraft:crafting_table":2,"illagerinvasion:platinum_chunk":1,"born_in_chaos_v1:river_mint":1,"minecraft:wooden_pickaxe":2,"minecraft:oak_log":13,"alexsmobs:animal_dictionary":2,"minecraft:dirt":37,"minecraft:wooden_sword":1,"minecraft:rotten_flesh":8,"minecraft:wheat_seeds":5,"minecraft:emerald":1,"minecraft:oak_planks":3,"minecraft:cobblestone":13},"minecraft:killed":{"minecraft:pillager":1,"born_in_chaos_v1:maggot":1},"minecraft:custom":{"minecraft:time_since_rest":4936,"minecraft:sprint_one_cm":48090,"minecraft:damage_taken":1445,"minecraft:walk_one_cm":29318,"minecraft:mob_kills":3,"minecraft:drop":1,"minecraft:damage_dealt":396,"minecraft:interact_with_crafting_table":2,"minecraft:fly_one_cm":110040,"minecraft:crouch_one_cm":105,"minecraft:play_time":16929,"minecraft:deaths":5,"minecraft:sneak_time":104,"minecraft:walk_under_water_one_cm":352,"minecraft:jump":554,"minecraft:leave_game":1,"minecraft:walk_on_water_one_cm":1799,"minecraft:time_since_death":4799,"minecraft:total_world_time":16929,"minecraft:fall_one_cm":20105},"minecraft:used":{"minecraft:stone_pickaxe":5,"minecraft:wooden_pickaxe":9,"minecraft:rotten_flesh":1,"minecraft:stone_axe":12,"minecraft:wooden_sword":3,"minecraft:dirt":1,"minecraft:crafting_table":2},"minecraft:dropped":{"born_in_chaos_v1:river_mint":1},"minecraft:crafted":{"minecraft:wooden_sword":1,"minecraft:oak_planks":16,"minecraft:crafting_table":1,"minecraft:stick":12,"minecraft:wooden_pickaxe":1,"minecraft:stone_pickaxe":1,"minecraft:stone_axe":1}},"DataVersion":3465}