{"stats":{"minecraft:broken":{"minecraft:stone_axe":1},"minecraft:killed_by":{"mutantmonsters:mutant_zombie":1,"minecraft:skeleton":1,"minecraft:creeper":1,"minecraft:zombie":4,"minecraft:enderman":1,"enemyexpansion:equestrian":4,"born_in_chaos_v1:fallen_chaos_knight":1,"enemyexpansion:huntsman":1,"mutantmonsters:mutant_creeper":2},"minecraft:mined":{"iceandfire:silver_ore":2,"minecraft:red_bed":4,"minecraft:dandelion":1,"minecraft:crafting_table":2,"minecraft:torch":5,"minecraft:grass_block":11,"minecraft:chest":4,"minecraft:tall_grass":60,"minecraft:sugar_cane":2,"minecraft:oak_planks":2,"minecraft:hay_block":6,"minecraft:birch_leaves":2,"born_in_chaos_v1:river_mint":1,"minecraft:grass":179,"minecraft:oak_log":35,"minecraft:coal_ore":65,"minecraft:sand":6,"minecraft:dirt":12,"minecraft:cobweb":1,"minecraft:stone":52,"minecraft:oak_leaves":51},"minecraft:picked_up":{"minecraft:fishing_rod":7,"born_in_chaos_v1:corpse_maggot":2,"minecraft:charcoal":32,"minecraft:wheat":102,"minecraft:crafting_table":2,"minecraft:azure_bluet":1,"illagerinvasion:platinum_chunk":1,"minecraft:water_bucket":1,"born_in_chaos_v1:river_mint":1,"minecraft:flower_pot":1,"minecraft:wooden_pickaxe":4,"minecraft:potato":5,"minecraft:oak_log":35,"minecraft:brick":4,"minecraft:cornflower":1,"minecraft:string":1,"minecraft:paper":9,"minecraft:dirt":152,"minecraft:red_bed":4,"minecraft:wooden_sword":1,"minecraft:bone":10,"minecraft:oak_sign":2,"minecraft:wheat_seeds":77,"minecraft:stone_pickaxe":1,"minecraft:iron_pickaxe":1,"minecraft:glass_bottle":1,"minecraft:poppy":6,"minecraft:iron_sword":1,"minecraft:sugar_cane":7,"minecraft:chest":4,"minecraft:oak_planks":75,"minecraft:egg":1,"minecraft:stick":24,"minecraft:torch":61,"minecraft:dandelion":6,"minecraft:sand":12,"minecraft:carrot":4,"immersive_armors:divine_boots":6,"alexsmobs:animal_dictionary":2,"minecraft:stone_sword":5,"minecraft:arrow":2,"minecraft:rotten_flesh":14,"minecraft:stone_axe":8,"minecraft:iron_helmet":4,"minecraft:hay_block":9,"minecraft:bread":23,"minecraft:emerald":1,"alexsmobs:maggot":3,"minecraft:oak_sapling":36,"minecraft:coal":190,"iceandfire:raw_silver":2,"minecraft:cobblestone":79},"minecraft:killed":{"enemyexpansion:equestrian":1,"enemyexpansion:direwolf":2,"born_in_chaos_v1:maggot":1,"minecraft:pillager":1,"alexsmobs:fly":2,"enemyexpansion:slugger":1},"minecraft:custom":{"minecraft:interact_with_furnace":5,"minecraft:mob_kills":9,"minecraft:interact_with_crafting_table":23,"minecraft:open_barrel":3,"minecraft:leave_game":4,"minecraft:time_since_death":2313,"minecraft:sleep_in_bed":3,"minecraft:climb_one_cm":775,"minecraft:time_since_rest":2363,"minecraft:sprint_one_cm":278101,"minecraft:damage_taken":5251,"minecraft:walk_one_cm":269756,"minecraft:drop":4,"minecraft:damage_dealt":1414,"minecraft:swim_one_cm":7984,"minecraft:talked_to_villager":4,"minecraft:fly_one_cm":671096,"minecraft:open_chest":62,"minecraft:crouch_one_cm":295,"minecraft:play_time":92620,"minecraft:deaths":18,"minecraft:sneak_time":272,"minecraft:walk_under_water_one_cm":4073,"minecraft:jump":3147,"minecraft:walk_on_water_one_cm":7978,"minecraft:total_world_time":92620,"minecraft:fall_one_cm":108642},"minecraft:dropped":{"minecraft:wheat_seeds":1,"minecraft:coal":32,"immersive_armors:divine_boots":1,"born_in_chaos_v1:river_mint":1},"minecraft:used":{"minecraft:water_bucket":5,"minecraft:stone_sword":22,"minecraft:glass_bottle":10,"minecraft:stone_pickaxe":62,"minecraft:oak_planks":11,"minecraft:oak_sign":2,"minecraft:chest":4,"minecraft:wooden_pickaxe":20,"minecraft:iron_sword":1,"minecraft:rotten_flesh":1,"minecraft:torch":15,"minecraft:dirt":11,"minecraft:crafting_table":3,"minecraft:red_bed":4,"immersive_armors:divine_boots":3,"minecraft:carrot":3,"minecraft:bread":11,"minecraft:iron_pickaxe":42,"minecraft:iron_helmet":3,"minecraft:wooden_sword":3,"minecraft:stone_axe":40,"minecraft:potion":9,"minecraft:furnace":1,"minecraft:oak_sapling":14,"minecraft:bucket":5,"minecraft:egg":1,"minecraft:dandelion":1},"minecraft:crafted":{"minecraft:glass_bottle":3,"minecraft:wooden_sword":1,"minecraft:oak_planks":96,"minecraft:emerald":18,"minecraft:crafting_table":2,"minecraft:wooden_pickaxe":3,"minecraft:furnace":1,"minecraft:stone_axe":3,"minecraft:bread":35,"minecraft:air":0,"minecraft:glass":3,"minecraft:stick":28,"minecraft:iron_pickaxe":1,"minecraft:stone_pickaxe":3,"spartanshields:wooden_basic_shield":1,"minecraft:torch":32,"minecraft:wheat":90}},"DataVersion":3465}