{"stats":{"minecraft:broken":{"minecraft:stone_axe":1},"minecraft:killed_by":{"minecraft:skeleton":1,"minecraft:creeper":1,"minecraft:zombie":4,"minecraft:enderman":1,"enemyexpansion:equestrian":4,"born_in_chaos_v1:fallen_chaos_knight":1},"minecraft:mined":{"iceandfire:silver_ore":2,"minecraft:red_bed":4,"minecraft:dandelion":1,"minecraft:crafting_table":2,"minecraft:torch":5,"minecraft:grass_block":11,"minecraft:tall_grass":18,"minecraft:hay_block":6,"minecraft:birch_leaves":2,"born_in_chaos_v1:river_mint":1,"minecraft:grass":116,"minecraft:coal_ore":36,"minecraft:oak_log":23,"minecraft:dirt":10,"minecraft:stone":42,"minecraft:oak_leaves":44},"minecraft:picked_up":{"minecraft:fishing_rod":6,"minecraft:charcoal":28,"born_in_chaos_v1:corpse_maggot":2,"minecraft:crafting_table":2,"minecraft:wheat":90,"illagerinvasion:platinum_chunk":1,"born_in_chaos_v1:river_mint":1,"minecraft:wooden_pickaxe":3,"minecraft:oak_log":23,"minecraft:paper":4,"minecraft:red_bed":4,"minecraft:dirt":127,"minecraft:wooden_sword":1,"minecraft:bone":6,"minecraft:oak_sign":2,"minecraft:wheat_seeds":56,"minecraft:oak_planks":14,"minecraft:stick":18,"minecraft:torch":27,"minecraft:dandelion":1,"immersive_armors:divine_boots":4,"alexsmobs:animal_dictionary":2,"minecraft:stone_sword":4,"minecraft:rotten_flesh":12,"minecraft:stone_axe":7,"minecraft:iron_helmet":2,"minecraft:hay_block":6,"minecraft:bread":3,"minecraft:emerald":1,"minecraft:oak_sapling":24,"minecraft:coal":100,"minecraft:cobblestone":52,"iceandfire:raw_silver":2},"minecraft:killed":{"enemyexpansion:equestrian":1,"enemyexpansion:direwolf":2,"born_in_chaos_v1:maggot":1,"minecraft:pillager":1,"enemyexpansion:slugger":1},"minecraft:custom":{"minecraft:interact_with_furnace":1,"minecraft:mob_kills":7,"minecraft:interact_with_crafting_table":13,"minecraft:leave_game":3,"minecraft:time_since_death":1098,"minecraft:sleep_in_bed":3,"minecraft:climb_one_cm":769,"minecraft:time_since_rest":1121,"minecraft:sprint_one_cm":158712,"minecraft:damage_taken":3713,"minecraft:walk_one_cm":167491,"minecraft:drop":3,"minecraft:damage_dealt":1287,"minecraft:swim_one_cm":2842,"minecraft:fly_one_cm":374979,"minecraft:open_chest":21,"minecraft:crouch_one_cm":283,"minecraft:play_time":57009,"minecraft:deaths":13,"minecraft:sneak_time":199,"minecraft:walk_under_water_one_cm":2579,"minecraft:jump":1873,"minecraft:walk_on_water_one_cm":4363,"minecraft:total_world_time":57009,"minecraft:fall_one_cm":71084},"minecraft:dropped":{"minecraft:coal":32,"immersive_armors:divine_boots":1,"born_in_chaos_v1:river_mint":1},"minecraft:used":{"minecraft:stone_sword":16,"minecraft:stone_pickaxe":62,"minecraft:oak_sign":2,"minecraft:wooden_pickaxe":20,"minecraft:rotten_flesh":1,"minecraft:torch":11,"minecraft:dirt":7,"minecraft:crafting_table":3,"minecraft:red_bed":4,"immersive_armors:divine_boots":3,"minecraft:bread":7,"minecraft:iron_helmet":2,"minecraft:stone_axe":28,"minecraft:wooden_sword":3,"minecraft:oak_sapling":6,"minecraft:dandelion":1},"minecraft:crafted":{"minecraft:wooden_sword":1,"minecraft:oak_planks":48,"minecraft:crafting_table":2,"minecraft:wooden_pickaxe":3,"minecraft:stone_axe":2,"minecraft:bread":18,"minecraft:stick":24,"minecraft:stone_pickaxe":3,"spartanshields:wooden_basic_shield":1,"minecraft:torch":16,"minecraft:wheat":54}},"DataVersion":3465}