{"stats":{"minecraft:killed":{"minecraft:cave_spider":1,"born_in_chaos_v1:zombie_lumberjack":1,"born_in_chaos_v1:skeleton_demoman":1,"enemyexpansion:equestrian":1,"enemyexpansion:direwolf":3,"born_in_chaos_v1:maggot":4,"minecraft:skeleton":1,"minecraft:pillager":1,"minecraft:zombie":3,"alexsmobs:fly":2,"enemyexpansion:slugger":1},"minecraft:custom":{"minecraft:mob_kills":20,"minecraft:interact_with_crafting_table":23,"minecraft:open_barrel":3,"minecraft:damage_dealt_resisted":150,"minecraft:leave_game":5,"minecraft:time_since_death":10042,"minecraft:climb_one_cm":807,"minecraft:sprint_one_cm":408356,"minecraft:walk_one_cm":334407,"minecraft:drop":5,"minecraft:talked_to_villager":4,"minecraft:play_time":128210,"minecraft:deaths":21,"minecraft:sneak_time":871,"minecraft:walk_under_water_one_cm":4181,"minecraft:jump":4469,"minecraft:walk_on_water_one_cm":9529,"minecraft:total_world_time":128210,"minecraft:interact_with_furnace":5,"minecraft:sleep_in_bed":3,"minecraft:time_since_rest":10069,"minecraft:damage_taken":6243,"minecraft:damage_dealt":3297,"minecraft:swim_one_cm":8263,"minecraft:fly_one_cm":946502,"minecraft:open_chest":65,"minecraft:crouch_one_cm":2489,"minecraft:fall_one_cm":146726},"minecraft:crafted":{"minecraft:wooden_sword":1,"minecraft:oak_planks":96,"minecraft:furnace":1,"minecraft:glass":3,"minecraft:stone_pickaxe":3,"minecraft:wheat":90,"minecraft:glass_bottle":3,"minecraft:emerald":18,"minecraft:crafting_table":3,"minecraft:wooden_pickaxe":3,"minecraft:birch_planks":4,"minecraft:stone_axe":3,"minecraft:bread":35,"minecraft:air":0,"minecraft:stick":124,"minecraft:iron_pickaxe":1,"spartanshields:wooden_basic_shield":1,"minecraft:torch":204},"minecraft:killed_by":{"mutantmonsters:mutant_zombie":1,"minecraft:creeper":2,"minecraft:enderman":1,"enemyexpansion:slugger":1,"enemyexpansion:equestrian":4,"born_in_chaos_v1:fallen_chaos_knight":1,"enemyexpansion:huntsman":1,"mutantmonsters:mutant_creeper":2,"minecraft:skeleton":1,"minecraft:zombie":4,"iceandfire:ghost":1},"minecraft:used":{"minecraft:stone_sword":22,"minecraft:poppy":2,"minecraft:oak_sign":2,"minecraft:chest":4,"minecraft:iron_sword":33,"minecraft:rotten_flesh":1,"minecraft:torch":78,"minecraft:dirt":16,"minecraft:carrot":5,"minecraft:iron_helmet":3,"minecraft:furnace":1,"minecraft:oak_sapling":14,"minecraft:egg":4,"minecraft:water_bucket":16,"minecraft:glass_bottle":27,"minecraft:stone_pickaxe":62,"minecraft:oak_planks":13,"minecraft:wooden_pickaxe":20,"minecraft:crafting_table":3,"minecraft:red_bed":4,"immersive_armors:divine_boots":3,"minecraft:cornflower":1,"minecraft:bread":22,"minecraft:iron_pickaxe":151,"minecraft:gravel":1,"minecraft:stone_axe":44,"minecraft:wooden_sword":3,"minecraft:cobblestone":18,"minecraft:potion":26,"minecraft:bucket":16,"minecraft:dandelion":1},"minecraft:picked_up":{"minecraft:fishing_rod":7,"minecraft:charcoal":32,"minecraft:crafting_table":3,"minecraft:wheat":102,"minecraft:azure_bluet":7,"illagerinvasion:platinum_chunk":1,"born_in_chaos_v1:river_mint":1,"minecraft:flower_pot":1,"minecraft:wooden_pickaxe":4,"minecraft:potion":1,"minecraft:brick":4,"minecraft:cornflower":2,"minecraft:string":6,"minecraft:red_bed":4,"minecraft:wooden_sword":1,"minecraft:oak_sign":2,"minecraft:cracked_stone_bricks":1,"minecraft:cobbled_deepslate":1,"minecraft:poppy":8,"minecraft:iron_pickaxe":4,"minecraft:sugar_cane":7,"minecraft:chest":4,"minecraft:mangrove_log":6,"minecraft:egg":4,"minecraft:stick":83,"minecraft:raw_iron":33,"minecraft:torch":261,"minecraft:pointed_dripstone":15,"minecraft:carrot":5,"minecraft:stone_sword":5,"minecraft:arrow":9,"minecraft:rotten_flesh":27,"minecraft:hay_block":9,"minecraft:cobblestone":179,"minecraft:birch_log":2,"born_in_chaos_v1:corpse_maggot":8,"minecraft:water_bucket":4,"minecraft:potato":5,"minecraft:oak_log":35,"minecraft:gunpowder":8,"minecraft:paper":9,"minecraft:dirt":168,"minecraft:bone":28,"minecraft:stone_bricks":4,"minecraft:bow":3,"minecraft:wheat_seeds":107,"minecraft:stone_pickaxe":1,"minecraft:iron_ingot":3,"minecraft:mossy_stone_bricks":5,"minecraft:glass_bottle":3,"minecraft:oak_planks":173,"minecraft:iron_sword":4,"minecraft:dandelion":24,"minecraft:dripstone_block":1,"minecraft:gravel":1,"minecraft:sand":12,"immersive_armors:divine_boots":9,"minecraft:spider_eye":1,"alexsmobs:animal_dictionary":2,"minecraft:stone_axe":11,"minecraft:iron_helmet":7,"minecraft:emerald":1,"minecraft:bread":57,"alexsmobs:maggot":3,"minecraft:oak_sapling":36,"minecraft:coal":277,"iceandfire:raw_silver":11},"minecraft:dropped":{"minecraft:wheat_seeds":2,"minecraft:coal":32,"born_in_chaos_v1:river_mint":1,"immersive_armors:divine_boots":1},"minecraft:broken":{"minecraft:stone_axe":1},"minecraft:mined":{"iceandfire:silver_ore":5,"minecraft:grass_block":18,"minecraft:hay_block":6,"minecraft:iron_ore":21,"minecraft:pointed_dripstone":5,"minecraft:vine":2,"minecraft:stone":94,"minecraft:red_bed":4,"minecraft:dandelion":1,"minecraft:crafting_table":2,"minecraft:torch":5,"minecraft:chest":4,"minecraft:tall_grass":79,"minecraft:cobblestone":9,"minecraft:sugar_cane":2,"minecraft:oak_planks":4,"minecraft:wall_torch":1,"minecraft:birch_leaves":2,"born_in_chaos_v1:river_mint":1,"minecraft:grass":201,"minecraft:oak_log":35,"minecraft:coal_ore":80,"minecraft:dripstone_block":1,"minecraft:gravel":1,"minecraft:sand":6,"minecraft:dirt":21,"minecraft:cobweb":2,"minecraft:cracked_stone_bricks":1,"minecraft:stone_bricks":4,"minecraft:mossy_stone_bricks":5,"minecraft:oak_leaves":51,"minecraft:deepslate":1}},"DataVersion":3465}