{"stats":{"minecraft:killed_by":{"born_in_chaos_v1:fallen_chaos_knight":1,"minecraft:creeper":1,"minecraft:zombie":4},"minecraft:mined":{"minecraft:hay_block":4,"iceandfire:silver_ore":2,"minecraft:red_bed":3,"minecraft:birch_leaves":2,"minecraft:dandelion":1,"born_in_chaos_v1:river_mint":1,"minecraft:crafting_table":2,"minecraft:grass":96,"minecraft:grass_block":4,"minecraft:oak_log":19,"minecraft:tall_grass":18,"minecraft:stone":29,"minecraft:oak_leaves":42},"minecraft:picked_up":{"minecraft:fishing_rod":1,"minecraft:charcoal":8,"born_in_chaos_v1:corpse_maggot":2,"minecraft:stick":3,"minecraft:crafting_table":2,"illagerinvasion:platinum_chunk":1,"born_in_chaos_v1:river_mint":1,"minecraft:dandelion":1,"minecraft:wooden_pickaxe":2,"minecraft:oak_log":19,"immersive_armors:divine_boots":1,"minecraft:red_bed":3,"alexsmobs:animal_dictionary":2,"minecraft:dirt":63,"minecraft:wooden_sword":1,"minecraft:stone_sword":1,"minecraft:oak_sign":2,"minecraft:rotten_flesh":8,"minecraft:stone_axe":1,"minecraft:wheat_seeds":16,"minecraft:iron_helmet":1,"minecraft:hay_block":4,"minecraft:emerald":1,"minecraft:oak_sapling":3,"iceandfire:raw_silver":2,"minecraft:oak_planks":3,"minecraft:cobblestone":29},"minecraft:killed":{"minecraft:pillager":1,"enemyexpansion:direwolf":1,"born_in_chaos_v1:maggot":1},"minecraft:custom":{"minecraft:time_since_rest":4189,"minecraft:sprint_one_cm":94926,"minecraft:damage_taken":1949,"minecraft:walk_one_cm":104082,"minecraft:mob_kills":4,"minecraft:drop":1,"minecraft:damage_dealt":546,"minecraft:swim_one_cm":503,"minecraft:interact_with_crafting_table":6,"minecraft:fly_one_cm":253454,"minecraft:open_chest":13,"minecraft:crouch_one_cm":105,"minecraft:play_time":36712,"minecraft:deaths":7,"minecraft:sneak_time":105,"minecraft:walk_under_water_one_cm":2015,"minecraft:jump":1259,"minecraft:leave_game":2,"minecraft:walk_on_water_one_cm":3330,"minecraft:time_since_death":4160,"minecraft:sleep_in_bed":1,"minecraft:climb_one_cm":331,"minecraft:total_world_time":36712,"minecraft:fall_one_cm":49186},"minecraft:dropped":{"born_in_chaos_v1:river_mint":1},"minecraft:used":{"minecraft:stone_sword":1,"minecraft:bread":3,"minecraft:stone_pickaxe":16,"minecraft:oak_sign":2,"minecraft:iron_helmet":1,"minecraft:wooden_pickaxe":16,"minecraft:rotten_flesh":1,"minecraft:stone_axe":18,"minecraft:wooden_sword":3,"minecraft:dirt":2,"minecraft:crafting_table":3,"immersive_armors:divine_boots":1,"minecraft:red_bed":3,"minecraft:oak_sapling":3,"minecraft:dandelion":1},"minecraft:crafted":{"minecraft:wooden_sword":1,"minecraft:oak_planks":32,"minecraft:crafting_table":2,"minecraft:stick":20,"minecraft:wooden_pickaxe":2,"minecraft:stone_pickaxe":2,"spartanshields:wooden_basic_shield":1,"minecraft:stone_axe":2,"minecraft:bread":12,"minecraft:wheat":36}},"DataVersion":3465}