{
  "mowziesmobs:root": {
    "criteria": {
      "custom_test_name": "2024-08-26 23:22:56 +0000"
    },
    "done": true
  },
  "eeeabsmobs:eeeabsmobs/root": {
    "criteria": {
      "requirement": "2024-08-26 23:22:56 +0000"
    },
    "done": true
  },
  "rats:root": {
    "criteria": {
      "tick": "2024-08-26 23:22:56 +0000"
    },
    "done": true
  },
  "cataclysm:root": {
    "criteria": {
      "custom_test_name": "2024-08-26 23:22:56 +0000"
    },
    "done": true
  },
  "irons_spellbooks:grant_patchouli": {
    "criteria": {
      "tick": "2024-08-26 23:22:56 +0000"
    },
    "done": true
  },
  "iceandfire:iceandfire/root": {
    "criteria": {
      "tick": "2024-08-26 23:22:56 +0000"
    },
    "done": true
  },
  "betterdungeons:root": {
    "criteria": {
      "always": "2024-08-26 23:22:56 +0000"
    },
    "done": true
  },
  "born_in_chaos_v1:bornin_chaos": {
    "criteria": {
      "bornin_chaos_0": "2024-08-26 23:22:56 +0000"
    },
    "done": true
  },
  "minecraft:adventure/adventuring_time": {
    "criteria": {
      "minecraft:old_growth_pine_taiga": "2024-08-27 21:57:06 +0000",
      "minecraft:taiga": "2024-08-27 21:55:58 +0000",
      "minecraft:birch_forest": "2024-08-29 22:46:44 +0000",
      "minecraft:dark_forest": "2024-08-29 22:51:06 +0000",
      "minecraft:river": "2024-08-26 23:46:56 +0000",
      "minecraft:dripstone_caves": "2024-08-27 00:18:43 +0000",
      "minecraft:grove": "2024-08-31 20:19:35 +0000",
      "minecraft:forest": "2024-08-26 23:23:31 +0000",
      "minecraft:old_growth_spruce_taiga": "2024-08-31 20:16:47 +0000",
      "minecraft:flower_forest": "2024-08-27 01:20:39 +0000",
      "minecraft:old_growth_birch_forest": "2024-08-29 22:46:40 +0000",
      "minecraft:deep_dark": "2024-08-27 22:44:31 +0000",
      "minecraft:meadow": "2024-08-26 23:22:57 +0000",
      "minecraft:plains": "2024-08-26 23:40:59 +0000"
    },
    "done": false
  },
  "immersive_armors:recipes/misc/wooden": {
    "criteria": {
      "has_item": "2024-08-26 23:25:24 +0000"
    },
    "done": true
  },
  "alexsmobs:alexsmobs/root": {
    "criteria": {
      "useitem": "2024-08-26 23:25:30 +0000"
    },
    "done": true
  },
  "minecraft:husbandry/root": {
    "criteria": {
      "consumed_item": "2024-08-26 23:25:30 +0000"
    },
    "done": true
  },
  "minecraft:story/root": {
    "criteria": {
      "crafting_table": "2024-08-26 23:25:44 +0000"
    },
    "done": true
  },
  "mutantmonsters:root": {
    "criteria": {
      "killed_something": "2024-08-26 23:25:57 +0000"
    },
    "done": true
  },
  "minecraft:adventure/kill_all_mobs": {
    "criteria": {
      "minecraft:pillager": "2024-08-26 23:25:57 +0000",
      "minecraft:blaze": "2024-08-30 19:32:19 +0000",
      "minecraft:skeleton": "2024-08-27 00:27:00 +0000",
      "minecraft:ghast": "2024-08-30 20:49:14 +0000",
      "minecraft:vindicator": "2024-08-26 23:36:20 +0000",
      "minecraft:magma_cube": "2024-08-30 21:56:12 +0000",
      "minecraft:spider": "2024-08-27 01:06:19 +0000",
      "minecraft:piglin_brute": "2024-08-30 19:22:37 +0000",
      "minecraft:creeper": "2024-08-27 00:17:12 +0000",
      "minecraft:evoker": "2024-08-27 23:14:06 +0000",
      "minecraft:phantom": "2024-09-01 18:58:20 +0000",
      "minecraft:zombified_piglin": "2024-08-30 19:40:55 +0000",
      "minecraft:witch": "2024-08-30 21:11:53 +0000",
      "minecraft:wither_skeleton": "2024-08-30 19:31:32 +0000",
      "minecraft:cave_spider": "2024-08-27 02:37:34 +0000",
      "minecraft:piglin": "2024-08-30 21:58:06 +0000",
      "minecraft:stray": "2024-08-27 02:46:11 +0000",
      "minecraft:enderman": "2024-08-29 21:12:45 +0000",
      "minecraft:vex": "2024-09-01 20:37:10 +0000",
      "minecraft:zombie": "2024-08-27 00:05:15 +0000",
      "minecraft:zombie_villager": "2024-08-27 21:00:58 +0000"
    },
    "done": false
  },
  "minecraft:adventure/root": {
    "criteria": {
      "killed_something": "2024-08-26 23:25:57 +0000"
    },
    "done": true
  },
  "minecraft:adventure/kill_a_mob": {
    "criteria": {
      "minecraft:pillager": "2024-08-26 23:25:57 +0000"
    },
    "done": true
  },
  "minecraft:story/mine_stone": {
    "criteria": {
      "get_stone": "2024-08-26 23:27:13 +0000"
    },
    "done": true
  },
  "irons_spellbooks:irons_spellbooks/root": {
    "criteria": {
      "inscription_table": "2024-08-26 23:31:05 +0000"
    },
    "done": true
  },
  "irons_spellbooks:make_inscription_table": {
    "criteria": {
      "inscription_table": "2024-08-26 23:31:05 +0000"
    },
    "done": true
  },
  "irons_spellbooks:irons_spellbooks/make_inscription_table": {
    "criteria": {
      "inscription_table": "2024-08-26 23:31:05 +0000"
    },
    "done": true
  },
  "irons_spellbooks:irons_spellbooks/ink_root": {
    "criteria": {
      "requirement": "2024-08-26 23:31:21 +0000"
    },
    "done": true
  },
  "minecraft:story/mine_diamond": {
    "criteria": {
      "diamond": "2024-08-26 23:32:24 +0000"
    },
    "done": true
  },
  "minecraft:story/deflect_arrow": {
    "criteria": {
      "deflected_projectile": "2024-08-26 23:41:06 +0000"
    },
    "done": true
  },
  "minecraft:story/smelt_iron": {
    "criteria": {
      "iron": "2024-08-26 23:42:46 +0000"
    },
    "done": true
  },
  "minecraft:story/obtain_armor": {
    "criteria": {
      "iron_leggings": "2024-08-26 23:46:36 +0000"
    },
    "done": true
  },
  "minecraft:story/iron_tools": {
    "criteria": {
      "iron_pickaxe": "2024-08-26 23:50:05 +0000"
    },
    "done": true
  },
  "minecraft:adventure/sleep_in_bed": {
    "criteria": {
      "slept_in_bed": "2024-08-26 23:53:24 +0000"
    },
    "done": true
  },
  "minecraft:husbandry/balanced_diet": {
    "criteria": {
      "cooked_porkchop": "2024-08-27 02:33:53 +0000",
      "cooked_mutton": "2024-08-28 00:23:04 +0000",
      "sweet_berries": "2024-08-27 23:12:04 +0000",
      "cooked_beef": "2024-08-27 20:49:49 +0000",
      "baked_potato": "2024-08-28 00:36:44 +0000",
      "beef": "2024-08-30 00:09:46 +0000",
      "tropical_fish": "2024-08-29 21:11:13 +0000",
      "apple": "2024-08-27 01:28:13 +0000",
      "bread": "2024-08-26 23:54:10 +0000",
      "golden_apple": "2024-08-27 23:40:10 +0000",
      "rotten_flesh": "2024-08-27 23:39:40 +0000",
      "cookie": "2024-08-29 23:01:18 +0000",
      "suspicious_stew": "2024-08-31 20:38:21 +0000",
      "golden_carrot": "2024-08-31 01:20:09 +0000",
      "mushroom_stew": "2024-08-27 21:19:09 +0000",
      "cooked_salmon": "2024-08-29 23:09:35 +0000",
      "carrot": "2024-08-30 19:19:11 +0000"
    },
    "done": false
  },
  "irons_spellbooks:irons_spellbooks/spell_book_equip": {
    "criteria": {
      "requirement": "2024-08-26 23:57:54 +0000"
    },
    "done": true
  },
  "immersive_armors:recipes/misc/bone": {
    "criteria": {
      "has_item": "2024-08-27 00:27:24 +0000"
    },
    "done": true
  },
  "minecraft:husbandry/fishy_business": {
    "criteria": {
      "salmon": "2024-08-27 00:33:01 +0000"
    },
    "done": true
  },
  "born_in_chaos_v1:exorcism": {
    "criteria": {
      "exorcism_0": "2024-08-27 00:45:30 +0000"
    },
    "done": true
  },
  "born_in_chaos_v1:good_demoman": {
    "criteria": {
      "good_demoman_0": "2024-08-27 00:46:26 +0000"
    },
    "done": true
  },
  "immersive_armors:recipes/misc/warrior": {
    "criteria": {
      "has_item": "2024-08-27 01:28:47 +0000"
    },
    "done": true
  },
  "born_in_chaos_v1:lifeturnedouttobeacomedy": {
    "criteria": {
      "lifeturnedouttobeacomedy_0": "2024-08-27 01:47:53 +0000"
    },
    "done": true
  },
  "minecraft:nether/obtain_blaze_rod": {
    "criteria": {
      "blaze_rod": "2024-08-27 01:52:34 +0000"
    },
    "done": true
  },
  "minecraft:story/form_obsidian": {
    "criteria": {
      "obsidian": "2024-08-27 01:52:34 +0000"
    },
    "done": true
  },
  "enemyexpansion:hunted": {
    "criteria": {
      "hunted_0": "2024-08-27 20:54:18 +0000"
    },
    "done": true
  },
  "born_in_chaos_v1:dark_metallurgy": {
    "criteria": {
      "dark_metallurgy_0": "2024-08-27 21:17:48 +0000"
    },
    "done": true
  },
  "iceandfire:iceandfire/kill_ghost": {
    "criteria": {
      "killed_fire_dragon": "2024-08-27 21:23:52 +0000"
    },
    "done": true
  },
  "immersive_armors:recipes/misc/robe": {
    "criteria": {
      "has_item": "2024-08-27 21:54:19 +0000"
    },
    "done": true
  },
  "born_in_chaos_v1:deceived_hopes": {
    "criteria": {
      "deceived_hopes_0": "2024-08-27 22:20:25 +0000"
    },
    "done": true
  },
  "minecraft:story/upgrade_tools": {
    "criteria": {
      "stone_pickaxe": "2024-08-27 22:29:32 +0000"
    },
    "done": true
  },
  "minecraft:adventure/avoid_vibration": {
    "criteria": {
      "avoid_vibration": "2024-08-27 22:44:41 +0000"
    },
    "done": true
  },
  "minecraft:story/shiny_gear": {
    "criteria": {
      "diamond_chestplate": "2024-08-27 23:25:15 +0000"
    },
    "done": true
  },
  "minecraft:nether/brew_potion": {
    "criteria": {
      "potion": "2024-08-27 23:40:40 +0000"
    },
    "done": true
  },
  "minecraft:adventure/totem_of_undying": {
    "criteria": {
      "used_totem": "2024-08-27 23:43:47 +0000"
    },
    "done": true
  },
  "minecraft:husbandry/plant_seed": {
    "criteria": {
      "wheat": "2024-08-28 00:28:42 +0000"
    },
    "done": true
  },
  "minecraft:adventure/voluntary_exile": {
    "criteria": {
      "voluntary_exile": "2024-08-29 01:25:21 +0000"
    },
    "done": true
  },
  "born_in_chaos_v1:horror_underthe_mantle": {
    "criteria": {
      "horror_underthe_mantle_0": "2024-08-29 20:52:41 +0000"
    },
    "done": true
  },
  "born_in_chaos_v1:pieceof_chaos": {
    "criteria": {
      "pieceof_chaos_0": "2024-08-29 20:52:46 +0000"
    },
    "done": true
  },
  "immersive_armors:recipes/misc/prismarine": {
    "criteria": {
      "has_item": "2024-08-29 20:53:04 +0000"
    },
    "done": true
  },
  "minecraft:husbandry/breed_an_animal": {
    "criteria": {
      "bred": "2024-08-29 21:20:52 +0000"
    },
    "done": true
  },
  "minecraft:husbandry/bred_all_animals": {
    "criteria": {
      "minecraft:cow": "2024-08-29 21:20:52 +0000"
    },
    "done": false
  },
  "born_in_chaos_v1:squireofthe_dark_lord": {
    "criteria": {
      "squireofthe_dark_lord_6": "2024-08-29 22:18:50 +0000"
    },
    "done": false
  },
  "born_in_chaos_v1:pumpkin_sir": {
    "criteria": {
      "pumpkin_sir_0": "2024-08-29 22:29:51 +0000"
    },
    "done": true
  },
  "conjurer_illager:find_theatre": {
    "criteria": {
      "in_theater": "2024-08-29 22:55:50 +0000"
    },
    "done": true
  },
  "conjurer_illager:kill_conjurer": {
    "criteria": {
      "kill_conjurer": "2024-08-29 23:03:58 +0000"
    },
    "done": true
  },
  "minecraft:adventure/ol_betsy": {
    "criteria": {
      "shot_crossbow": "2024-08-29 23:23:39 +0000"
    },
    "done": true
  },
  "mutantmonsters:you_da_bomby": {
    "criteria": {
      "tamed_creeper_minion": "2024-08-29 23:49:26 +0000"
    },
    "done": true
  },
  "minecraft:husbandry/tame_an_animal": {
    "criteria": {
      "tamed_animal": "2024-08-29 23:49:26 +0000"
    },
    "done": true
  },
  "born_in_chaos_v1:the_wind_darkening": {
    "criteria": {
      "the_wind_darkening_0": "2024-08-30 00:11:37 +0000"
    },
    "done": true
  },
  "irons_spellbooks:irons_spellbooks/ink_legendary": {
    "criteria": {
      "requirement": "2024-08-30 01:18:04 +0000"
    },
    "done": true
  },
  "minecraft:story/lava_bucket": {
    "criteria": {
      "lava_bucket": "2024-08-30 01:34:31 +0000"
    },
    "done": true
  },
  "minecraft:story/enter_the_nether": {
    "criteria": {
      "entered_nether": "2024-08-30 19:19:17 +0000"
    },
    "done": true
  },
  "minecraft:nether/root": {
    "criteria": {
      "entered_nether": "2024-08-30 19:19:17 +0000"
    },
    "done": true
  },
  "minecraft:nether/explore_nether": {
    "criteria": {
      "minecraft:nether_wastes": "2024-08-30 19:19:18 +0000",
      "minecraft:soul_sand_valley": "2024-08-30 19:39:34 +0000",
      "minecraft:basalt_deltas": "2024-08-31 19:14:34 +0000"
    },
    "done": false
  },
  "minecraft:nether/find_fortress": {
    "criteria": {
      "fortress": "2024-08-30 19:21:21 +0000"
    },
    "done": true
  },
  "rats:plague_doctor": {
    "criteria": {
      "meet_doctor": "2024-08-30 20:45:04 +0000"
    },
    "done": true
  },
  "minecraft:adventure/shoot_arrow": {
    "criteria": {
      "shot_arrow": "2024-08-30 20:48:55 +0000"
    },
    "done": true
  },
  "minecraft:nether/obtain_ancient_debris": {
    "criteria": {
      "ancient_debris": "2024-08-30 20:51:32 +0000"
    },
    "done": true
  },
  "immersive_armors:recipes/misc/wither": {
    "criteria": {
      "has_item": "2024-08-30 22:22:21 +0000"
    },
    "done": true
  },
  "minecraft:nether/return_to_sender": {
    "criteria": {
      "killed_ghast": "2024-08-30 22:40:49 +0000"
    },
    "done": true
  },
  "minecraft:adventure/kill_mob_near_sculk_catalyst": {
    "criteria": {
      "kill_mob_near_sculk_catalyst": "2024-08-31 00:46:10 +0000"
    },
    "done": true
  },
  "minecraft:nether/obtain_crying_obsidian": {
    "criteria": {
      "crying_obsidian": "2024-08-31 02:06:38 +0000"
    },
    "done": true
  },
  "immersive_armors:recipes/misc/slime": {
    "criteria": {
      "has_item": "2024-08-31 02:10:30 +0000"
    },
    "done": true
  },
  "born_in_chaos_v1:junior_summoner": {
    "criteria": {
      "junior_summoner_0": "2024-08-31 02:10:42 +0000"
    },
    "done": true
  },
  "born_in_chaos_v1:bowfor_wizards": {
    "criteria": {
      "bowfor_wizards_0": "2024-08-31 02:10:52 +0000"
    },
    "done": true
  },
  "irons_spellbooks:irons_spellbooks/spell_book_netherite": {
    "criteria": {
      "requirement": "2024-08-31 16:32:27 +0000"
    },
    "done": true
  },
  "irons_spellbooks:irons_spellbooks/make_scroll_forge": {
    "criteria": {
      "scroll_forge": "2024-08-31 16:40:19 +0000"
    },
    "done": true
  },
  "irons_spellbooks:irons_spellbooks/make_arcane_anvil": {
    "criteria": {
      "arcane_anvil": "2024-08-31 17:07:43 +0000"
    },
    "done": true
  },
  "alexsmobs:alexsmobs/straddler": {
    "criteria": {
      "killed_by": "2024-08-31 19:40:44 +0000"
    },
    "done": true
  },
  "minecraft:adventure/trade": {
    "criteria": {
      "traded": "2024-09-01 18:52:04 +0000"
    },
    "done": true
  },
  "born_in_chaos_v1:double_trouble": {
    "criteria": {
      "double_trouble_0": "2024-09-01 19:12:34 +0000"
    },
    "done": true
  },
  "born_in_chaos_v1:dismantledto_bones": {
    "criteria": {
      "dismantledto_bones_0": "2024-09-01 19:13:01 +0000"
    },
    "done": true
  },
  "iceandfire:iceandfire/kill_if_dragon": {
    "criteria": {
      "killed_ice_dragon": "2024-09-01 20:24:52 +0000"
    },
    "done": true
  },
  "dungeons_plus:adventure/find_tower": {
    "criteria": {
      "in_structure": "2024-09-01 20:33:29 +0000"
    },
    "done": true
  },
  "farmersdelight:main/root": {
    "criteria": {
      "seeds": "2024-09-02 22:54:40 +0000"
    },
    "done": true
  },
  "DataVersion": 3465
}